timestamp,dissolved_oxygen,pH,temperature,OD600,agitation,feeding_rate
2024-01-20T08:00:00,94.44,6.819,28.28,0.346,197.5,0.0
2024-01-20T08:05:00,95.36,6.774,27.84,0.327,206.6,0.0
2024-01-20T08:10:00,95.15,6.76,28.06,0.625,205.3,0.0
2024-01-20T08:15:00,96.9,6.836,28.5,0.445,201.5,0.0
2024-01-20T08:20:00,96.95,6.81,27.85,0.59,197.8,0.0
2024-01-20T08:25:00,92.86,6.792,28.33,0.538,189.0,0.0
2024-01-20T08:30:00,96.43,6.781,28.16,0.733,200.0,0.0
2024-01-20T08:35:00,96.18,6.752,28.18,0.687,199.0,0.0
2024-01-20T08:40:00,93.57,6.846,28.31,0.516,196.3,0.0
2024-01-20T08:45:00,94.05,6.806,28.07,0.304,206.3,0.0
2024-01-20T08:50:00,96.04,6.801,27.58,0.623,199.0,0.0
2024-01-20T08:55:00,94.46,6.806,27.9,0.664,194.9,0.0
2024-01-20T09:00:00,94.96,6.77,27.93,0.486,195.3,0.0
2024-01-20T09:05:00,94.02,6.833,28.46,0.673,199.6,0.0
2024-01-20T09:10:00,91.29,6.744,27.59,0.355,206.9,0.0
2024-01-20T09:15:00,94.96,6.721,27.64,0.524,204.4,0.0
2024-01-20T09:20:00,94.11,6.804,28.49,0.55,198.9,0.0
2024-01-20T09:25:00,94.58,6.858,27.37,0.517,203.4,0.0
2024-01-20T09:30:00,95.1,6.765,27.99,0.49,203.6,0.0
2024-01-20T09:35:00,95.42,6.759,27.87,0.975,197.7,0.0
2024-01-20T09:40:00,93.67,6.805,27.62,0.239,205.2,0.0
2024-01-20T09:45:00,93.02,6.778,28.48,0.582,203.7,0.0
2024-01-20T09:50:00,93.73,6.784,27.85,0.51,189.5,0.0
2024-01-20T09:55:00,94.27,6.793,27.98,0.816,196.3,0.0
2024-01-20T10:00:00,91.6,6.848,27.63,0.482,194.8,0.0
2024-01-20T10:05:00,95.89,6.78,27.63,0.444,206.3,0.0
2024-01-20T10:10:00,94.72,6.8,28.72,0.62,210.9,0.0
2024-01-20T10:15:00,96.31,6.789,28.15,0.408,191.5,0.0
2024-01-20T10:20:00,92.61,6.802,28.32,0.486,189.6,0.0
2024-01-20T10:25:00,95.47,6.77,28.22,0.509,201.8,0.0
2024-01-20T10:30:00,93.34,6.739,27.66,0.564,203.5,0.0
2024-01-20T10:35:00,93.5,6.761,27.91,0.516,205.2,0.0
2024-01-20T10:40:00,91.66,6.796,27.94,0.463,200.2,0.0
2024-01-20T10:45:00,93.59,6.781,27.65,0.755,198.9,0.0
2024-01-20T10:50:00,91.25,6.778,28.03,0.606,200.2,0.0
2024-01-20T10:55:00,94.04,6.815,27.7,0.67,200.7,0.0
2024-01-20T11:00:00,91.9,6.799,28.7,0.528,199.9,0.0
2024-01-20T11:05:00,93.59,6.748,27.45,0.591,196.5,0.0
2024-01-20T11:10:00,95.97,6.765,27.9,0.307,204.4,0.0
2024-01-20T11:15:00,92.22,6.77,28.31,0.348,202.5,0.0
2024-01-20T11:20:00,93.45,6.779,28.06,0.554,194.9,0.0
2024-01-20T11:25:00,91.68,6.768,27.86,0.524,212.7,0.0
2024-01-20T11:30:00,91.14,6.761,28.16,0.512,208.4,0.0
2024-01-20T11:35:00,90.83,6.789,27.59,0.429,197.8,0.0
2024-01-20T11:40:00,93.06,6.784,27.79,0.48,198.6,0.0
2024-01-20T11:45:00,93.35,6.765,28.13,0.517,204.2,0.0
2024-01-20T11:50:00,93.76,6.714,28.02,0.578,202.4,0.0
2024-01-20T11:55:00,92.0,6.741,27.83,0.629,202.7,0.0
2024-01-20T12:00:00,92.39,6.787,28.04,0.675,199.4,0.0
2024-01-20T12:05:00,94.08,6.769,28.68,0.489,195.7,0.0
2024-01-20T12:10:00,92.12,6.732,28.0,0.599,200.7,0.0
2024-01-20T12:15:00,92.6,6.724,28.08,0.959,189.6,0.0
2024-01-20T12:20:00,92.86,6.781,28.29,0.508,197.5,0.0
2024-01-20T12:25:00,91.64,6.722,28.09,0.499,193.6,0.0
2024-01-20T12:30:00,91.26,6.771,28.54,0.46,193.5,0.0
2024-01-20T12:35:00,92.52,6.755,28.07,0.245,197.8,0.0
2024-01-20T12:40:00,93.22,6.785,27.41,0.493,198.2,0.0
2024-01-20T12:45:00,91.25,6.804,27.81,0.556,199.8,0.0
2024-01-20T12:50:00,91.7,6.696,27.87,0.608,205.1,0.0
2024-01-20T12:55:00,91.27,6.779,27.9,0.474,197.4,0.0
2024-01-20T13:00:00,93.66,6.821,28.25,0.547,205.8,0.0
2024-01-20T13:05:00,90.92,6.751,28.03,0.45,194.6,0.0
2024-01-20T13:10:00,93.02,6.759,28.15,0.5,201.5,0.0
2024-01-20T13:15:00,91.6,6.712,28.54,0.45,200.1,0.0
2024-01-20T13:20:00,90.94,6.835,27.68,0.493,197.9,0.0
2024-01-20T13:25:00,93.19,6.775,28.54,0.589,202.5,0.0
2024-01-20T13:30:00,91.86,6.754,28.62,0.369,193.0,0.0
2024-01-20T13:35:00,92.48,6.769,27.97,0.708,195.8,0.0
2024-01-20T13:40:00,93.15,6.772,28.0,0.641,197.0,0.0
2024-01-20T13:45:00,93.35,6.755,27.71,0.295,197.3,0.0
2024-01-20T13:50:00,89.86,6.717,27.66,0.459,197.9,0.0
2024-01-20T13:55:00,89.6,6.802,28.38,0.419,196.1,0.0
2024-01-20T14:00:00,92.63,6.776,27.75,0.571,205.5,0.0
2024-01-20T14:05:00,89.95,6.761,28.39,0.448,212.9,0.0
2024-01-20T14:10:00,92.97,6.726,28.24,0.351,192.6,0.0
2024-01-20T14:15:00,90.71,6.74,27.81,0.342,203.3,0.0
2024-01-20T14:20:00,92.73,6.785,28.12,0.686,193.9,0.0
2024-01-20T14:25:00,90.88,6.763,28.47,0.737,202.3,0.0
2024-01-20T14:30:00,90.37,6.775,27.95,0.308,200.4,0.0
2024-01-20T14:35:00,92.75,6.743,27.94,0.647,198.4,0.0
2024-01-20T14:40:00,92.5,6.726,28.32,0.662,199.4,0.0
2024-01-20T14:45:00,90.49,6.703,27.92,0.406,206.2,0.0
2024-01-20T14:50:00,91.87,6.712,27.92,0.413,192.4,0.0
2024-01-20T14:55:00,91.25,6.747,28.07,0.502,194.0,0.0
2024-01-20T15:00:00,91.82,6.736,28.0,0.698,197.4,0.0
2024-01-20T15:05:00,92.17,6.677,27.84,0.568,198.7,0.0
2024-01-20T15:10:00,93.21,6.705,27.85,0.574,197.4,0.0
2024-01-20T15:15:00,90.85,6.751,27.68,0.416,202.1,0.0
2024-01-20T15:20:00,90.49,6.717,28.5,0.281,198.6,0.0
2024-01-20T15:25:00,88.29,6.727,28.18,0.207,201.9,0.0
2024-01-20T15:30:00,92.99,6.709,28.27,0.563,191.8,0.0
2024-01-20T15:35:00,88.5,6.716,27.99,0.402,200.6,0.0
2024-01-20T15:40:00,89.78,6.718,27.55,0.548,206.8,0.0
2024-01-20T15:45:00,90.39,6.77,27.63,0.493,194.4,0.0
2024-01-20T15:50:00,90.98,6.735,28.22,0.375,212.9,0.0
2024-01-20T15:55:00,91.95,6.704,27.82,0.202,196.9,0.0
2024-01-20T16:00:00,93.53,6.745,28.01,0.404,206.8,0.0
2024-01-20T16:05:00,88.96,6.654,27.79,0.314,200.8,0.0
2024-01-20T16:10:00,91.14,6.676,28.24,0.556,201.2,0.0
2024-01-20T16:15:00,88.04,6.727,27.64,0.651,198.0,0.0
2024-01-20T16:20:00,90.97,6.691,28.0,0.622,192.3,0.0
2024-01-20T16:25:00,90.48,6.749,27.84,0.715,197.4,0.0
2024-01-20T16:30:00,92.06,6.694,28.19,0.428,198.1,0.0
2024-01-20T16:35:00,89.85,6.679,28.01,0.247,194.0,0.0
2024-01-20T16:40:00,90.53,6.708,28.2,0.682,204.8,0.0
2024-01-20T16:45:00,89.47,6.659,27.79,0.541,196.9,0.0
2024-01-20T16:50:00,90.07,6.732,27.82,0.56,199.7,0.0
2024-01-20T16:55:00,91.05,6.709,27.82,0.722,196.8,0.0
2024-01-20T17:00:00,89.69,6.733,27.93,0.417,193.3,0.0
2024-01-20T17:05:00,90.94,6.667,27.87,0.811,200.6,0.0
2024-01-20T17:10:00,88.75,6.738,28.42,0.802,196.9,0.0
2024-01-20T17:15:00,88.82,6.701,27.99,0.505,203.3,0.0
2024-01-20T17:20:00,89.21,6.648,27.99,0.71,201.5,0.0
2024-01-20T17:25:00,89.8,6.71,28.45,0.584,201.9,0.0
2024-01-20T17:30:00,89.5,6.7,28.49,0.491,199.1,0.0
2024-01-20T17:35:00,89.48,6.737,28.59,0.545,202.3,0.0
2024-01-20T17:40:00,90.22,6.632,28.22,0.561,200.7,0.0
2024-01-20T17:45:00,89.06,6.691,27.88,0.613,205.1,0.0
2024-01-20T17:50:00,93.21,6.715,27.62,0.492,199.4,0.0
2024-01-20T17:55:00,86.75,6.749,28.21,0.452,202.7,0.0
2024-01-20T18:00:00,85.38,6.685,28.25,0.59,194.7,0.0
2024-01-20T18:05:00,87.05,6.691,28.04,0.187,203.6,0.0
2024-01-20T18:10:00,87.71,6.726,27.54,0.665,202.5,0.0
2024-01-20T18:15:00,85.4,6.64,27.78,0.665,196.7,0.0
2024-01-20T18:20:00,86.27,6.655,27.82,0.687,205.6,0.0
2024-01-20T18:25:00,86.85,6.673,28.39,0.578,196.3,0.0
2024-01-20T18:30:00,87.37,6.666,28.75,0.776,194.7,0.0
2024-01-20T18:35:00,85.13,6.695,28.51,0.528,208.3,0.0
2024-01-20T18:40:00,86.61,6.651,27.5,0.767,210.2,0.0
2024-01-20T18:45:00,86.09,6.697,27.71,0.657,202.0,0.0
2024-01-20T18:50:00,87.71,6.65,27.56,0.563,200.4,0.0
2024-01-20T18:55:00,86.62,6.67,27.69,0.749,199.9,0.0
2024-01-20T19:00:00,87.71,6.643,28.21,0.501,205.4,0.0
2024-01-20T19:05:00,86.91,6.608,28.0,0.702,197.3,0.0
2024-01-20T19:10:00,85.85,6.603,27.41,0.55,196.7,0.0
2024-01-20T19:15:00,84.31,6.628,28.57,0.634,205.1,0.0
2024-01-20T19:20:00,86.82,6.658,27.78,0.854,196.8,0.0
2024-01-20T19:25:00,87.93,6.664,27.83,0.201,198.7,0.0
2024-01-20T19:30:00,86.63,6.647,27.48,0.502,202.0,0.0
2024-01-20T19:35:00,86.13,6.622,27.94,0.577,199.5,0.0
2024-01-20T19:40:00,87.31,6.616,28.07,0.59,193.6,0.0
2024-01-20T19:45:00,87.1,6.6,28.2,0.57,208.8,0.0
2024-01-20T19:50:00,85.79,6.579,27.23,0.786,199.2,0.0
2024-01-20T19:55:00,86.13,6.585,27.9,0.586,191.1,0.0
2024-01-20T20:00:00,86.16,6.636,27.97,0.498,201.6,0.0
2024-01-20T20:05:00,84.11,6.591,27.78,0.786,204.3,0.0
2024-01-20T20:10:00,85.67,6.552,28.21,0.671,210.4,0.0
2024-01-20T20:15:00,84.59,6.577,28.24,0.502,197.2,0.0
2024-01-20T20:20:00,87.03,6.588,27.48,0.233,197.0,0.0
2024-01-20T20:25:00,87.04,6.589,27.95,0.898,200.4,0.0
2024-01-20T20:30:00,86.44,6.529,27.76,0.648,205.1,0.0
2024-01-20T20:35:00,86.69,6.531,27.98,0.667,195.4,0.0
2024-01-20T20:40:00,82.27,6.532,27.57,0.68,203.5,0.0
2024-01-20T20:45:00,81.77,6.581,28.75,0.792,200.2,0.0
2024-01-20T20:50:00,88.46,6.497,28.01,0.594,200.9,0.0
2024-01-20T20:55:00,84.63,6.517,27.71,0.898,198.3,0.0
2024-01-20T21:00:00,84.02,6.51,27.55,0.552,206.3,0.0
2024-01-20T21:05:00,81.91,6.517,28.02,0.635,191.3,0.0
2024-01-20T21:10:00,82.09,6.569,28.16,0.766,198.0,0.0
2024-01-20T21:15:00,83.36,6.531,27.99,0.611,198.9,0.0
2024-01-20T21:20:00,82.46,6.497,27.37,0.739,204.9,0.0
2024-01-20T21:25:00,82.05,6.56,28.03,0.782,194.8,0.0
2024-01-20T21:30:00,83.65,6.51,27.87,0.873,202.3,0.0
2024-01-20T21:35:00,83.73,6.436,27.87,0.713,208.6,0.0
2024-01-20T21:40:00,81.82,6.475,27.64,0.646,189.0,0.0
2024-01-20T21:45:00,82.77,6.482,27.96,0.734,200.2,0.0
2024-01-20T21:50:00,82.11,6.462,27.92,0.931,202.9,0.0
2024-01-20T21:55:00,81.27,6.477,28.1,0.998,195.0,0.0
2024-01-20T22:00:00,79.84,6.416,28.11,0.798,198.1,0.0
2024-01-20T22:05:00,81.83,6.435,27.99,0.835,193.8,0.0
2024-01-20T22:10:00,79.64,6.454,27.69,1.023,202.9,0.0
2024-01-20T22:15:00,80.71,6.48,28.01,0.774,202.6,0.0
2024-01-20T22:20:00,79.19,6.453,27.9,0.687,203.1,0.0
2024-01-20T22:25:00,81.41,6.396,28.57,0.833,199.2,0.0
2024-01-20T22:30:00,79.65,6.45,27.61,0.96,202.3,0.0
2024-01-20T22:35:00,80.74,6.457,27.63,0.813,196.6,0.0
2024-01-20T22:40:00,83.64,6.427,28.18,0.947,199.5,0.0
2024-01-20T22:45:00,77.66,6.429,27.51,1.181,187.5,0.0
2024-01-20T22:50:00,80.28,6.413,27.97,0.947,215.5,0.0
2024-01-20T22:55:00,80.62,6.397,28.09,0.876,198.8,0.0
2024-01-20T23:00:00,82.36,6.447,28.04,0.866,188.5,0.0
2024-01-20T23:05:00,83.46,6.4,28.33,0.887,207.2,0.0
2024-01-20T23:10:00,77.91,6.329,28.21,0.987,195.9,0.0
2024-01-20T23:15:00,77.07,6.389,28.01,0.995,201.3,0.0
2024-01-20T23:20:00,80.5,6.374,27.5,0.816,199.5,0.0
2024-01-20T23:25:00,78.7,6.428,27.93,1.003,199.4,0.0
2024-01-20T23:30:00,79.45,6.388,27.87,0.848,190.5,0.0
2024-01-20T23:35:00,76.13,6.36,28.11,1.246,194.0,0.0
2024-01-20T23:40:00,74.53,6.395,27.84,0.821,214.6,0.0
2024-01-20T23:45:00,76.07,6.351,28.07,0.913,197.6,0.0
2024-01-20T23:50:00,75.73,6.322,27.46,1.171,188.9,0.0
2024-01-20T23:55:00,76.48,6.34,28.37,1.019,206.1,0.0
2024-01-21T00:00:00,73.97,6.337,27.82,1.065,196.7,0.0
2024-01-21T00:05:00,75.41,6.337,27.81,1.029,201.0,0.0
2024-01-21T00:10:00,74.74,6.382,27.71,1.207,191.9,0.0
2024-01-21T00:15:00,74.6,6.349,27.28,1.23,207.0,0.0
2024-01-21T00:20:00,73.29,6.29,28.5,1.294,196.3,0.0
2024-01-21T00:25:00,71.85,6.319,27.93,1.089,203.6,0.0
2024-01-21T00:30:00,72.67,6.339,28.3,1.026,192.1,0.0
2024-01-21T00:35:00,74.71,6.353,27.98,1.42,187.4,0.0
2024-01-21T00:40:00,75.94,6.289,27.88,1.258,199.1,0.0
2024-01-21T00:45:00,76.55,6.284,28.15,0.869,199.6,0.0
2024-01-21T00:50:00,74.34,6.299,27.73,1.517,204.0,0.0
2024-01-21T00:55:00,74.39,6.268,28.38,1.071,200.8,0.0
2024-01-21T01:00:00,73.23,6.244,27.74,1.474,203.4,0.0
2024-01-21T01:05:00,74.55,6.303,27.71,1.429,196.0,0.0
2024-01-21T01:10:00,68.98,6.337,28.13,1.446,206.1,0.0
2024-01-21T01:15:00,73.99,6.349,27.6,1.22,203.9,0.0
2024-01-21T01:20:00,69.47,6.292,28.25,1.486,197.0,0.0
2024-01-21T01:25:00,68.95,6.227,28.04,1.689,200.1,0.0
2024-01-21T01:30:00,72.32,6.283,28.26,1.436,199.4,0.0
2024-01-21T01:35:00,70.09,6.324,27.76,1.664,210.5,0.0
2024-01-21T01:40:00,68.35,6.299,28.04,1.61,204.3,0.0
2024-01-21T01:45:00,70.57,6.235,28.29,1.82,200.0,0.0
2024-01-21T01:50:00,66.47,6.261,27.81,1.772,208.3,0.0
2024-01-21T01:55:00,69.71,6.258,27.7,1.796,208.1,0.0
2024-01-21T02:00:00,69.57,6.286,27.83,2.036,196.0,0.0
2024-01-21T02:05:00,69.27,6.222,28.16,1.778,201.5,0.0
2024-01-21T02:10:00,69.03,6.255,28.05,1.658,205.8,0.0
2024-01-21T02:15:00,68.58,6.189,27.67,1.662,196.8,0.0
2024-01-21T02:20:00,66.68,6.213,28.25,1.741,198.4,0.0
2024-01-21T02:25:00,68.83,6.189,27.98,1.683,202.2,0.0
2024-01-21T02:30:00,68.38,6.224,27.74,1.99,210.9,0.0
2024-01-21T02:35:00,66.13,6.234,28.07,2.029,202.0,0.0
2024-01-21T02:40:00,65.55,6.19,28.03,2.415,205.4,0.0
2024-01-21T02:45:00,62.63,6.178,27.51,1.857,197.9,0.0
2024-01-21T02:50:00,63.85,6.148,28.02,2.201,204.3,0.0
2024-01-21T02:55:00,66.02,6.21,28.29,1.916,206.1,0.0
2024-01-21T03:00:00,63.86,6.184,27.88,2.545,200.0,0.0
2024-01-21T03:05:00,61.98,6.15,28.41,2.49,205.1,0.0
2024-01-21T03:10:00,64.88,6.181,28.45,2.252,200.4,0.0
2024-01-21T03:15:00,67.15,6.184,28.01,2.508,203.6,0.0
2024-01-21T03:20:00,66.37,6.167,27.92,2.348,195.8,0.0
2024-01-21T03:25:00,63.68,6.142,28.17,2.617,192.5,0.0
2024-01-21T03:30:00,62.65,6.203,27.77,2.531,193.6,0.0
2024-01-21T03:35:00,59.56,6.187,28.46,2.42,201.6,0.0
2024-01-21T03:40:00,61.35,6.139,27.9,2.79,198.4,0.0
2024-01-21T03:45:00,61.14,6.136,28.22,2.428,200.5,0.0
2024-01-21T03:50:00,59.02,6.135,28.22,2.69,194.3,0.0
2024-01-21T03:55:00,60.26,6.106,27.82,2.783,201.2,0.0
2024-01-21T04:00:00,60.02,6.096,28.32,2.656,211.7,0.0
2024-01-21T04:05:00,59.88,6.096,28.31,2.754,193.7,0.0
2024-01-21T04:10:00,57.36,6.107,27.69,3.013,204.1,0.0
2024-01-21T04:15:00,59.08,6.098,27.97,2.875,200.7,0.0
2024-01-21T04:20:00,58.15,6.15,27.77,2.946,205.9,0.0
2024-01-21T04:25:00,56.19,6.055,28.09,3.346,197.3,0.0
2024-01-21T04:30:00,57.05,6.07,27.66,3.463,205.4,0.0
2024-01-21T04:35:00,56.65,6.118,27.85,3.16,199.8,0.0
2024-01-21T04:40:00,57.19,6.102,27.93,3.306,200.3,0.0
2024-01-21T04:45:00,53.54,6.088,28.57,3.318,195.6,0.0
2024-01-21T04:50:00,54.03,6.097,28.13,3.323,199.2,0.0
2024-01-21T04:55:00,55.06,6.023,28.04,3.367,204.4,0.0
2024-01-21T05:00:00,52.21,6.113,27.82,3.384,205.7,0.0
2024-01-21T05:05:00,53.85,6.074,27.73,3.616,200.7,0.0
2024-01-21T05:10:00,51.7,6.066,27.92,3.65,199.2,0.0
2024-01-21T05:15:00,55.66,6.077,28.29,3.595,198.5,0.0
2024-01-21T05:20:00,55.79,6.044,27.78,3.587,202.1,0.0
2024-01-21T05:25:00,52.42,6.08,28.32,4.092,194.6,0.0
2024-01-21T05:30:00,53.49,5.955,27.96,3.887,192.8,0.0
2024-01-21T05:35:00,51.2,6.021,27.83,3.989,194.5,0.0
2024-01-21T05:40:00,54.05,5.992,28.47,4.477,198.0,0.0
2024-01-21T05:45:00,50.75,6.002,28.3,4.225,200.6,0.0
2024-01-21T05:50:00,48.49,5.99,27.51,4.208,300.1,0.0
2024-01-21T05:55:00,49.65,6.054,28.36,4.174,299.8,0.0
2024-01-21T06:00:00,52.48,6.023,27.9,4.416,192.9,0.0
2024-01-21T06:05:00,50.51,5.984,28.09,4.563,198.2,0.0
2024-01-21T06:10:00,45.15,5.991,28.29,4.552,296.8,0.0
2024-01-21T06:15:00,47.36,6.004,27.94,4.663,295.3,0.0
2024-01-21T06:20:00,49.5,5.97,28.15,4.931,302.7,0.0
2024-01-21T06:25:00,45.19,6.014,27.83,4.905,298.2,0.0
2024-01-21T06:30:00,47.8,5.967,27.34,5.281,306.9,0.0
2024-01-21T06:35:00,45.47,5.964,28.42,4.76,303.9,0.0
2024-01-21T06:40:00,47.07,5.951,28.04,5.016,300.4,0.0
2024-01-21T06:45:00,47.69,5.979,27.89,5.262,303.7,0.0
2024-01-21T06:50:00,44.25,5.948,28.03,5.181,304.6,0.0
2024-01-21T06:55:00,43.7,5.957,28.03,5.245,300.9,0.0
2024-01-21T07:00:00,46.68,5.932,27.82,5.488,294.8,0.0
2024-01-21T07:05:00,46.97,5.936,27.93,5.533,307.3,0.0
2024-01-21T07:10:00,45.1,5.905,28.2,5.581,295.4,0.0
2024-01-21T07:15:00,43.58,5.918,27.93,5.413,292.8,0.0
2024-01-21T07:20:00,45.45,5.872,28.29,5.804,295.9,0.0
2024-01-21T07:25:00,43.31,5.927,27.94,5.866,306.1,0.0
2024-01-21T07:30:00,43.99,5.954,28.21,5.629,311.6,0.0
2024-01-21T07:35:00,44.18,5.913,28.37,5.812,300.0,0.0
2024-01-21T07:40:00,44.37,5.897,27.58,5.91,297.4,0.0
2024-01-21T07:45:00,44.18,5.91,28.4,6.138,293.2,0.0
2024-01-21T07:50:00,41.34,5.898,28.03,6.054,303.5,0.0
2024-01-21T07:55:00,41.66,5.896,27.72,6.129,299.4,0.0
2024-01-21T08:00:00,40.89,5.893,28.02,6.25,297.8,0.0
2024-01-21T08:05:00,39.08,5.866,28.83,6.537,294.8,0.0
2024-01-21T08:10:00,41.63,5.82,27.93,6.217,310.7,0.0
2024-01-21T08:15:00,37.25,5.833,28.27,6.262,305.6,0.0
2024-01-21T08:20:00,40.95,5.915,28.54,6.49,298.8,0.0
2024-01-21T08:25:00,38.4,5.855,27.92,6.294,299.1,0.0
2024-01-21T08:30:00,41.26,5.858,28.33,6.879,301.8,0.0
2024-01-21T08:35:00,40.42,5.861,28.62,6.792,292.8,0.0
2024-01-21T08:40:00,38.59,5.867,28.38,6.776,299.9,0.0
2024-01-21T08:45:00,39.77,5.872,27.42,6.71,300.0,0.0
2024-01-21T08:50:00,37.24,5.817,28.24,6.754,300.6,0.0
2024-01-21T08:55:00,39.28,5.796,28.1,6.868,295.9,0.0
2024-01-21T09:00:00,38.46,5.85,28.4,7.074,299.6,0.0
2024-01-21T09:05:00,36.78,5.835,28.13,7.241,299.5,0.0
2024-01-21T09:10:00,37.68,5.836,27.8,6.991,293.6,0.0
2024-01-21T09:15:00,37.67,5.813,27.66,7.548,295.9,0.0
2024-01-21T09:20:00,36.89,5.799,28.15,7.586,295.9,0.0
2024-01-21T09:25:00,38.47,5.797,27.81,7.68,286.9,0.0
2024-01-21T09:30:00,34.19,5.81,27.9,7.295,293.3,0.0
2024-01-21T09:35:00,36.72,5.817,27.43,7.537,299.4,0.0
2024-01-21T09:40:00,37.09,5.82,27.73,7.432,296.2,0.0
2024-01-21T09:45:00,32.13,5.801,27.92,7.631,304.9,0.0
2024-01-21T09:50:00,34.35,5.741,27.7,7.594,294.1,0.0
2024-01-21T09:55:00,34.01,5.785,27.89,7.966,293.7,0.0
2024-01-21T10:00:00,35.74,5.741,28.24,7.849,295.8,0.0
2024-01-21T10:05:00,35.43,5.752,28.01,7.858,298.4,0.0
2024-01-21T10:10:00,30.85,5.712,28.18,8.005,305.2,0.0
2024-01-21T10:15:00,33.85,5.771,28.21,7.903,289.9,0.0
2024-01-21T10:20:00,33.52,5.779,28.75,7.96,298.9,0.0
2024-01-21T10:25:00,34.43,5.793,28.03,7.934,295.5,0.0
2024-01-21T10:30:00,34.62,5.717,28.11,8.341,305.0,0.0
2024-01-21T10:35:00,33.34,5.733,28.37,8.425,293.9,0.0
2024-01-21T10:40:00,31.2,5.77,27.92,8.363,306.3,0.0
2024-01-21T10:45:00,31.23,5.776,28.47,8.419,304.4,0.0
2024-01-21T10:50:00,32.43,5.733,27.79,8.279,308.5,0.0
2024-01-21T10:55:00,28.66,5.734,27.9,8.461,399.6,0.0
2024-01-21T11:00:00,33.75,5.753,28.08,8.43,298.3,0.0
2024-01-21T11:05:00,32.4,5.69,28.17,8.524,302.3,0.0
2024-01-21T11:10:00,34.09,5.689,28.25,8.805,295.2,0.0
2024-01-21T11:15:00,31.27,5.674,28.08,8.721,286.6,0.0
2024-01-21T11:20:00,31.62,5.702,27.89,8.396,292.1,0.0
2024-01-21T11:25:00,32.31,5.713,28.0,8.577,305.8,0.0
2024-01-21T11:30:00,30.45,5.682,27.58,8.8,299.5,0.0
2024-01-21T11:35:00,32.45,5.728,27.91,8.946,306.7,0.0
2024-01-21T11:40:00,33.48,5.68,28.21,8.789,307.4,0.0
2024-01-21T11:45:00,31.46,5.715,27.96,8.827,293.4,0.0
2024-01-21T11:50:00,30.29,5.676,28.35,9.214,297.0,0.0
2024-01-21T11:55:00,31.23,5.613,27.91,8.777,301.2,0.0
2024-01-21T12:00:00,28.4,5.709,28.03,8.923,407.2,0.0
2024-01-21T12:05:00,29.27,5.665,27.94,8.958,394.1,0.0
2024-01-21T12:10:00,29.52,5.597,28.4,9.251,397.5,0.0
2024-01-21T12:15:00,27.68,5.699,27.61,8.972,400.3,0.0
2024-01-21T12:20:00,30.84,5.641,27.49,9.232,296.0,0.0
2024-01-21T12:25:00,28.9,5.644,28.2,9.154,404.8,0.0
2024-01-21T12:30:00,33.26,5.656,28.0,8.972,305.4,0.0
2024-01-21T12:35:00,27.69,5.621,27.29,9.54,401.0,0.0
2024-01-21T12:40:00,29.68,5.603,27.39,9.269,401.9,0.0
2024-01-21T12:45:00,28.74,5.631,27.53,9.461,402.3,0.0
2024-01-21T12:50:00,28.37,5.591,27.88,9.211,401.9,0.0
2024-01-21T12:55:00,28.81,5.607,27.67,9.1,409.0,0.0
2024-01-21T13:00:00,28.3,5.574,28.54,9.194,402.8,0.0
2024-01-21T13:05:00,30.86,5.605,28.08,9.207,298.3,0.0
2024-01-21T13:10:00,29.61,5.578,28.55,9.26,393.7,0.0
2024-01-21T13:15:00,28.84,5.598,28.25,9.626,396.8,0.0
2024-01-21T13:20:00,24.85,5.563,27.72,9.549,393.7,0.0
2024-01-21T13:25:00,29.4,5.601,28.07,9.41,396.7,0.0
2024-01-21T13:30:00,28.91,5.603,28.23,9.52,400.2,0.0
2024-01-21T13:35:00,27.66,5.554,27.91,9.351,401.3,0.0
2024-01-21T13:40:00,28.47,5.566,28.04,9.614,397.4,0.0
2024-01-21T13:45:00,25.83,5.54,28.14,9.388,396.5,0.0
2024-01-21T13:50:00,29.08,5.571,27.68,9.511,405.0,0.0
2024-01-21T13:55:00,26.61,5.526,28.36,9.735,399.3,0.0
2024-01-21T14:00:00,26.12,5.539,27.65,9.252,397.9,1.5
2024-01-21T14:05:00,27.71,5.574,28.43,9.822,407.2,1.53
2024-01-21T14:10:00,28.76,5.568,27.98,9.326,408.7,1.6
2024-01-21T14:15:00,29.62,5.542,27.25,9.723,397.5,1.63
2024-01-21T14:20:00,27.59,5.496,28.54,9.533,408.4,1.43
2024-01-21T14:25:00,26.83,5.541,28.15,9.693,404.1,1.56
2024-01-21T14:30:00,26.24,5.466,27.88,10.127,392.2,1.38
2024-01-21T14:35:00,26.33,5.484,28.16,9.552,397.5,1.52
2024-01-21T14:40:00,26.5,5.5,28.11,9.851,390.3,1.3
2024-01-21T14:45:00,28.32,5.565,28.05,9.783,404.1,1.52
2024-01-21T14:50:00,30.02,5.434,28.12,9.79,310.7,1.58
2024-01-21T14:55:00,26.52,5.492,28.01,10.007,388.9,1.44
2024-01-21T15:00:00,28.63,5.515,28.1,9.608,404.1,1.54
2024-01-21T15:05:00,27.35,5.485,27.92,9.966,403.4,1.52
2024-01-21T15:10:00,25.59,5.446,28.21,9.944,399.6,1.52
2024-01-21T15:15:00,26.32,5.468,28.42,9.944,407.7,1.73
2024-01-21T15:20:00,29.02,5.441,27.73,9.78,388.2,1.74
2024-01-21T15:25:00,26.93,5.437,28.21,9.704,398.1,1.45
2024-01-21T15:30:00,24.92,5.434,27.37,9.911,392.9,1.6
2024-01-21T15:35:00,24.8,5.455,27.84,9.561,410.0,1.77
2024-01-21T15:40:00,27.8,5.472,27.82,9.736,392.5,1.59
2024-01-21T15:45:00,26.27,5.458,27.77,9.85,394.2,1.61
2024-01-21T15:50:00,25.11,5.468,27.47,9.944,397.1,1.58
2024-01-21T15:55:00,25.98,5.492,27.74,9.8,412.2,1.65
2024-01-21T16:00:00,27.5,5.507,27.7,9.919,394.4,1.54
2024-01-21T16:05:00,24.15,5.427,28.51,9.919,400.8,1.59
2024-01-21T16:10:00,28.04,5.396,28.55,9.83,409.7,1.65
2024-01-21T16:15:00,28.2,5.449,27.76,9.929,397.4,1.5
2024-01-21T16:20:00,27.61,5.371,27.86,10.001,393.3,1.54
2024-01-21T16:25:00,25.47,5.398,27.51,10.03,400.9,1.63
2024-01-21T16:30:00,26.25,5.407,27.76,9.846,392.6,1.82
2024-01-21T16:35:00,26.35,5.427,29.06,9.868,393.8,1.69
2024-01-21T16:40:00,25.65,5.371,27.66,9.864,399.8,1.5
2024-01-21T16:45:00,26.5,5.4,27.86,10.119,398.2,1.69
2024-01-21T16:50:00,25.85,5.357,27.73,9.809,389.5,1.79
2024-01-21T16:55:00,28.1,5.41,27.61,9.888,394.6,1.92
2024-01-21T17:00:00,26.27,5.381,27.81,10.26,402.2,1.6
2024-01-21T17:05:00,24.3,5.369,27.66,9.699,399.7,1.57
2024-01-21T17:10:00,27.53,5.371,28.0,9.892,404.4,1.73
2024-01-21T17:15:00,25.53,5.346,27.61,10.232,397.9,1.78
2024-01-21T17:20:00,27.63,5.3,28.32,10.216,390.8,1.78
2024-01-21T17:25:00,27.22,5.309,28.35,9.971,392.7,1.63
2024-01-21T17:30:00,23.5,5.347,28.54,9.882,413.3,1.71
2024-01-21T17:35:00,26.45,5.354,27.9,10.205,401.0,1.76
2024-01-21T17:40:00,25.96,5.333,28.25,9.955,394.7,1.7
2024-01-21T17:45:00,27.8,5.37,28.01,10.334,401.6,1.81
2024-01-21T17:50:00,23.1,5.286,28.39,10.286,398.6,1.65
2024-01-21T17:55:00,25.17,5.278,28.63,9.868,399.9,1.72
2024-01-21T18:00:00,27.42,5.344,28.32,10.149,396.8,1.7
2024-01-21T18:05:00,25.16,5.31,28.12,10.181,403.9,1.55
2024-01-21T18:10:00,25.58,5.327,28.23,10.177,408.0,1.87
2024-01-21T18:15:00,28.07,5.31,28.01,10.276,404.4,1.81
2024-01-21T18:20:00,26.49,5.295,27.74,10.031,406.5,1.75
2024-01-21T18:25:00,23.42,5.275,28.01,10.389,405.7,1.79
2024-01-21T18:30:00,24.15,5.252,28.1,10.132,393.2,1.7
2024-01-21T18:35:00,24.34,5.33,28.37,10.164,392.1,1.67
2024-01-21T18:40:00,24.62,5.3,27.88,9.749,402.3,1.61
2024-01-21T18:45:00,24.94,5.272,27.97,10.215,393.6,1.65
2024-01-21T18:50:00,26.36,5.299,28.1,10.244,400.7,1.6
2024-01-21T18:55:00,25.7,5.321,28.21,10.061,407.7,1.84
2024-01-21T19:00:00,25.9,5.265,27.72,9.998,398.1,1.76
2024-01-21T19:05:00,22.58,5.289,27.72,10.349,393.1,1.91
2024-01-21T19:10:00,27.57,5.272,28.62,10.221,402.8,1.78
2024-01-21T19:15:00,27.53,5.22,27.8,10.165,398.5,1.59
2024-01-21T19:20:00,22.82,5.24,28.26,10.137,397.6,1.97
2024-01-21T19:25:00,27.42,5.254,27.49,9.9,413.6,1.8
2024-01-21T19:30:00,23.51,5.222,27.96,9.99,400.5,1.78
2024-01-21T19:35:00,25.02,5.166,27.96,10.219,388.2,1.85
2024-01-21T19:40:00,25.83,5.259,27.72,9.979,405.3,1.78
2024-01-21T19:45:00,25.02,5.189,28.21,10.392,397.8,1.74
2024-01-21T19:50:00,25.49,5.25,27.42,10.059,400.1,1.89
2024-01-21T19:55:00,27.51,5.203,27.94,10.162,403.0,1.85
2024-01-21T20:00:00,25.77,5.18,27.82,11.941,397.4,1.98
2024-01-21T20:05:00,25.72,5.201,27.5,11.516,401.5,1.89
2024-01-21T20:10:00,21.27,5.241,27.78,12.087,403.4,1.92
2024-01-21T20:15:00,26.36,5.189,27.38,11.866,405.8,1.78
2024-01-21T20:20:00,24.89,5.209,27.98,11.868,402.7,1.73
2024-01-21T20:25:00,25.44,5.258,27.97,11.884,405.4,1.87
2024-01-21T20:30:00,25.37,5.196,28.18,11.922,406.9,1.91
2024-01-21T20:35:00,24.42,5.189,27.78,12.172,401.6,1.84
2024-01-21T20:40:00,24.59,5.202,28.21,12.103,389.7,2.09
2024-01-21T20:45:00,23.07,5.206,28.01,11.95,399.6,1.98
2024-01-21T20:50:00,26.67,5.215,27.97,12.104,408.9,1.74
2024-01-21T20:55:00,26.44,5.226,27.75,12.012,391.3,1.91
2024-01-21T21:00:00,28.7,5.164,28.35,12.032,411.8,1.86
2024-01-21T21:05:00,25.97,5.202,28.17,11.796,397.0,2.06
2024-01-21T21:10:00,24.09,5.235,27.32,11.821,399.0,2.22
2024-01-21T21:15:00,25.14,5.2,27.98,11.986,400.8,1.98
2024-01-21T21:20:00,29.47,5.21,28.22,11.831,396.9,2.05
2024-01-21T21:25:00,27.47,5.174,27.7,11.947,403.4,1.88
2024-01-21T21:30:00,26.2,5.223,27.81,11.857,399.4,1.93
2024-01-21T21:35:00,25.08,5.213,27.78,11.697,405.3,2.03
2024-01-21T21:40:00,30.13,5.2,28.19,12.091,297.1,2.18
2024-01-21T21:45:00,27.53,5.215,28.41,12.28,399.3,1.87
2024-01-21T21:50:00,27.75,5.209,27.75,12.113,391.4,1.97
2024-01-21T21:55:00,27.4,5.246,27.79,12.117,394.7,1.94
2024-01-21T22:00:00,29.01,5.18,28.41,11.968,409.8,1.95
2024-01-21T22:05:00,26.38,5.236,28.31,12.167,404.3,1.96
2024-01-21T22:10:00,27.12,5.185,27.71,11.535,400.6,1.92
2024-01-21T22:15:00,26.6,5.182,28.34,11.854,396.7,1.92
2024-01-21T22:20:00,28.81,5.218,27.09,11.908,405.1,2.12
2024-01-21T22:25:00,26.96,5.191,27.77,11.818,401.1,1.78
2024-01-21T22:30:00,30.83,5.176,28.37,11.807,301.8,1.8
2024-01-21T22:35:00,28.46,5.191,28.07,12.069,402.4,2.06
2024-01-21T22:40:00,29.36,5.163,27.86,12.15,414.7,2.06
2024-01-21T22:45:00,30.95,5.212,28.09,12.328,299.8,1.82
2024-01-21T22:50:00,30.78,5.187,28.12,11.974,304.3,1.91
2024-01-21T22:55:00,27.54,5.18,27.61,11.903,395.5,2.15
2024-01-21T23:00:00,29.37,5.19,28.35,11.833,406.6,2.1
2024-01-21T23:05:00,28.94,5.169,28.58,12.015,396.2,2.08
2024-01-21T23:10:00,28.56,5.236,28.23,12.127,408.6,1.97
2024-01-21T23:15:00,28.74,5.212,28.02,11.775,398.0,1.83
2024-01-21T23:20:00,32.56,5.219,28.18,12.037,302.9,2.07
2024-01-21T23:25:00,30.3,5.196,27.76,12.106,298.8,2.07
2024-01-21T23:30:00,30.29,5.219,28.25,11.918,306.4,2.05
2024-01-21T23:35:00,29.4,5.207,27.45,11.768,406.9,2.06
2024-01-21T23:40:00,32.07,5.187,28.17,12.021,299.5,2.03
2024-01-21T23:45:00,32.63,5.195,28.21,11.847,290.6,2.17
2024-01-21T23:50:00,30.38,5.2,28.12,12.119,311.4,1.88
2024-01-21T23:55:00,28.97,5.206,27.93,12.078,397.9,2.06
2024-01-22T00:00:00,31.98,5.153,28.16,11.79,298.4,1.95
2024-01-22T00:05:00,28.2,5.208,27.57,11.99,402.3,1.98
2024-01-22T00:10:00,31.08,5.184,27.98,11.891,292.4,2.14
2024-01-22T00:15:00,34.93,5.21,28.24,12.222,291.1,2.23
2024-01-22T00:20:00,30.12,5.244,27.92,12.073,297.7,2.13
2024-01-22T00:25:00,32.48,5.176,27.68,11.796,295.5,2.17
2024-01-22T00:30:00,29.02,5.189,27.99,11.862,394.1,1.98
2024-01-22T00:35:00,29.85,5.198,27.89,12.271,397.9,2.16
2024-01-22T00:40:00,30.78,5.171,28.38,12.096,299.5,2.28
2024-01-22T00:45:00,31.64,5.265,27.89,11.616,298.9,2.14
2024-01-22T00:50:00,30.97,5.198,27.81,11.868,306.1,2.16
2024-01-22T00:55:00,32.75,5.2,27.77,11.988,297.0,2.12
2024-01-22T01:00:00,30.89,5.193,28.64,11.791,286.1,2.11
2024-01-22T01:05:00,31.92,5.231,28.03,12.208,296.7,1.91
2024-01-22T01:10:00,30.67,5.185,27.85,11.979,308.7,2.37
2024-01-22T01:15:00,31.23,5.173,28.14,11.98,308.9,2.11
2024-01-22T01:20:00,33.03,5.238,27.52,11.59,300.9,2.19
2024-01-22T01:25:00,30.93,5.24,27.88,11.935,292.6,1.94
2024-01-22T01:30:00,33.14,5.212,27.87,12.134,297.4,2.05
2024-01-22T01:35:00,29.13,5.187,27.91,11.879,403.0,2.15
2024-01-22T01:40:00,34.43,5.241,28.14,12.063,300.1,2.06
2024-01-22T01:45:00,35.02,5.22,28.58,12.053,292.4,2.05
2024-01-22T01:50:00,32.99,5.249,28.0,12.07,295.7,2.15
2024-01-22T01:55:00,30.99,5.239,28.26,11.711,301.8,2.0
2024-01-22T02:00:00,30.94,5.245,27.82,11.886,294.6,2.18
2024-01-22T02:05:00,35.09,5.188,27.58,11.843,289.2,2.18
2024-01-22T02:10:00,30.82,5.246,28.2,11.854,299.9,2.33
2024-01-22T02:15:00,31.82,5.179,28.25,12.037,302.0,2.21
2024-01-22T02:20:00,34.05,5.188,27.97,11.81,307.2,2.13
2024-01-22T02:25:00,31.65,5.241,28.08,11.7,299.4,2.15
2024-01-22T02:30:00,32.05,5.22,27.78,12.008,295.5,2.15
2024-01-22T02:35:00,33.34,5.218,26.89,11.878,296.0,2.18
2024-01-22T02:40:00,31.88,5.216,28.45,12.159,293.4,2.26
2024-01-22T02:45:00,32.84,5.187,27.78,11.812,313.6,2.31
2024-01-22T02:50:00,34.42,5.163,28.12,12.097,305.4,2.14
2024-01-22T02:55:00,34.83,5.267,27.87,12.076,294.5,2.2
2024-01-22T03:00:00,31.12,5.15,28.03,12.145,297.8,2.24
2024-01-22T03:05:00,33.12,5.156,28.61,12.071,295.0,2.14
2024-01-22T03:10:00,33.46,5.21,28.14,12.094,305.4,2.21
2024-01-22T03:15:00,30.92,5.235,27.75,12.155,306.9,2.27
2024-01-22T03:20:00,35.2,5.239,28.19,11.826,294.9,2.21
2024-01-22T03:25:00,34.23,5.235,27.4,11.925,301.7,2.23
2024-01-22T03:30:00,33.27,5.206,26.92,11.799,296.5,2.18
2024-01-22T03:35:00,33.26,5.206,28.46,12.004,305.0,2.36
2024-01-22T03:40:00,35.37,5.206,27.94,11.848,302.0,2.22
2024-01-22T03:45:00,34.4,5.231,28.44,12.146,305.2,2.14
2024-01-22T03:50:00,36.0,5.24,27.67,11.988,296.7,2.39
2024-01-22T03:55:00,34.36,5.26,27.99,11.807,296.4,2.2
2024-01-22T04:00:00,32.89,5.206,28.1,11.97,306.5,2.36
2024-01-22T04:05:00,36.74,5.204,27.63,11.812,299.1,2.44
2024-01-22T04:10:00,35.08,5.263,27.57,11.943,293.6,2.14
2024-01-22T04:15:00,35.39,5.26,28.07,11.973,298.0,2.31
2024-01-22T04:20:00,32.72,5.295,28.16,11.934,301.1,2.38
2024-01-22T04:25:00,35.09,5.195,28.18,12.022,301.9,2.24
2024-01-22T04:30:00,35.83,5.236,28.42,12.128,300.1,2.36
2024-01-22T04:35:00,34.38,5.216,28.04,12.036,295.2,2.56
2024-01-22T04:40:00,33.6,5.254,28.21,11.702,294.9,2.39
2024-01-22T04:45:00,35.59,5.293,27.48,12.133,303.5,2.45
2024-01-22T04:50:00,35.4,5.206,28.13,12.045,304.1,2.4
2024-01-22T04:55:00,34.26,5.208,27.72,12.067,298.1,2.45
2024-01-22T05:00:00,39.78,5.221,28.02,11.926,300.5,2.29
2024-01-22T05:05:00,37.64,5.219,27.76,11.9,295.4,2.31
2024-01-22T05:10:00,37.82,5.175,27.9,11.919,300.7,2.18
2024-01-22T05:15:00,35.09,5.192,28.06,11.782,299.2,2.31
2024-01-22T05:20:00,38.77,5.265,27.42,11.971,302.9,2.35
2024-01-22T05:25:00,35.67,5.219,28.05,11.929,297.1,2.29
2024-01-22T05:30:00,36.69,5.234,28.26,11.838,297.5,2.41
2024-01-22T05:35:00,38.17,5.214,27.93,12.049,301.0,2.27
2024-01-22T05:40:00,37.62,5.235,27.92,11.874,301.1,2.31
2024-01-22T05:45:00,36.46,5.208,27.89,12.008,299.7,2.35
2024-01-22T05:50:00,36.06,5.264,28.44,12.0,295.5,2.41
2024-01-22T05:55:00,36.24,5.277,27.91,11.803,301.8,2.46
2024-01-22T06:00:00,35.52,5.18,27.73,11.75,285.7,2.46
2024-01-22T06:05:00,37.1,5.174,27.81,12.207,297.7,2.31
2024-01-22T06:10:00,38.17,5.182,28.22,12.027,307.6,2.61
2024-01-22T06:15:00,35.68,5.302,27.89,12.327,297.0,2.46
2024-01-22T06:20:00,37.7,5.178,27.93,11.809,306.4,2.42
2024-01-22T06:25:00,37.89,5.252,27.5,11.917,302.9,2.41
2024-01-22T06:30:00,38.84,5.182,27.7,11.92,290.3,2.38
2024-01-22T06:35:00,37.15,5.177,27.85,12.094,292.6,2.33
2024-01-22T06:40:00,35.64,5.251,27.98,11.952,300.4,2.42
2024-01-22T06:45:00,38.65,5.228,28.17,12.008,298.9,2.51
2024-01-22T06:50:00,37.55,5.21,27.86,11.841,296.6,2.5
2024-01-22T06:55:00,39.38,5.18,28.39,12.087,298.4,2.52
2024-01-22T07:00:00,37.9,5.228,27.55,11.754,303.0,2.6
2024-01-22T07:05:00,39.8,5.213,28.25,11.863,288.9,2.71
2024-01-22T07:10:00,37.41,5.159,28.09,12.113,292.8,2.52
2024-01-22T07:15:00,36.49,5.252,28.24,11.949,304.9,2.48
2024-01-22T07:20:00,39.44,5.211,27.58,11.674,306.8,2.69
2024-01-22T07:25:00,41.29,5.222,27.89,11.88,296.8,2.65
2024-01-22T07:30:00,39.22,5.202,27.86,11.768,305.2,2.46
2024-01-22T07:35:00,39.89,5.267,28.19,11.823,296.7,2.45
2024-01-22T07:40:00,38.74,5.19,28.22,11.895,300.4,2.33
2024-01-22T07:45:00,37.57,5.217,28.57,11.743,301.2,2.42
2024-01-22T07:50:00,37.87,5.229,28.17,11.915,306.0,2.51
2024-01-22T07:55:00,39.83,5.199,28.66,12.127,301.6,2.43
2024-01-22T08:00:00,41.65,5.219,27.85,12.128,299.1,2.59
2024-01-22T08:05:00,39.46,5.223,28.45,12.071,298.4,2.63
2024-01-22T08:10:00,39.32,5.217,27.98,11.835,298.1,2.67
2024-01-22T08:15:00,37.63,5.284,28.29,11.768,288.1,2.48
2024-01-22T08:20:00,37.38,5.126,27.96,11.605,294.3,2.55
2024-01-22T08:25:00,39.0,5.208,28.45,11.632,307.1,2.62
2024-01-22T08:30:00,41.92,5.174,27.58,11.826,299.6,2.78
2024-01-22T08:35:00,38.73,5.178,28.28,11.844,304.8,2.63
2024-01-22T08:40:00,38.02,5.182,28.03,11.779,294.6,2.44
2024-01-22T08:45:00,38.41,5.205,28.14,11.809,300.4,2.54
2024-01-22T08:50:00,37.72,5.225,28.05,11.899,292.5,2.67
2024-01-22T08:55:00,39.41,5.256,28.28,11.739,300.2,2.54
2024-01-22T09:00:00,40.35,5.203,27.76,12.012,289.6,2.59
2024-01-22T09:05:00,41.11,5.233,28.4,11.857,296.5,2.7
2024-01-22T09:10:00,40.63,5.178,28.07,11.789,290.1,2.56
2024-01-22T09:15:00,38.75,5.191,28.25,11.934,299.5,2.54
2024-01-22T09:20:00,43.55,5.257,28.35,11.873,302.2,2.62
2024-01-22T09:25:00,38.64,5.208,27.44,11.506,294.2,2.41
2024-01-22T09:30:00,40.95,5.256,28.12,11.859,295.2,2.41
2024-01-22T09:35:00,37.89,5.196,27.95,11.601,294.9,2.65
2024-01-22T09:40:00,39.87,5.257,27.65,11.828,302.1,2.62
2024-01-22T09:45:00,41.24,5.249,27.72,11.812,299.1,2.65
2024-01-22T09:50:00,40.86,5.231,28.55,11.821,292.3,2.61
2024-01-22T09:55:00,40.95,5.175,28.1,11.725,296.8,2.56
2024-01-22T10:00:00,39.4,5.256,27.99,11.643,303.1,2.8
2024-01-22T10:05:00,39.33,5.237,27.84,11.899,297.5,2.49
2024-01-22T10:10:00,39.65,5.229,27.69,11.997,302.2,2.57
2024-01-22T10:15:00,41.6,5.247,27.99,11.836,291.2,2.95
2024-01-22T10:20:00,41.43,5.201,27.97,12.119,297.3,2.78
2024-01-22T10:25:00,39.23,5.21,28.34,11.895,308.0,2.81
2024-01-22T10:30:00,40.09,5.127,28.09,11.969,300.0,2.68
2024-01-22T10:35:00,38.54,5.241,28.19,11.862,303.4,2.76
2024-01-22T10:40:00,39.98,5.222,28.03,11.944,300.5,2.77
2024-01-22T10:45:00,43.77,5.291,28.02,11.949,280.8,2.8
2024-01-22T10:50:00,39.51,5.213,27.87,11.771,303.1,2.53
2024-01-22T10:55:00,41.28,5.244,28.19,11.689,296.1,2.59
2024-01-22T11:00:00,41.19,5.27,27.39,11.774,298.9,2.56
2024-01-22T11:05:00,42.34,5.241,28.13,11.601,304.6,2.65
2024-01-22T11:10:00,44.23,5.218,28.22,11.783,300.0,2.52
2024-01-22T11:15:00,40.14,5.257,28.24,11.541,304.6,2.61
2024-01-22T11:20:00,39.62,5.232,28.0,12.089,299.1,2.85
2024-01-22T11:25:00,39.1,5.226,27.88,11.74,316.9,2.78
2024-01-22T11:30:00,39.59,5.169,27.69,11.784,300.6,2.86
2024-01-22T11:35:00,41.58,5.216,28.08,12.012,297.4,2.9
2024-01-22T11:40:00,41.16,5.16,27.94,11.815,304.2,2.62
2024-01-22T11:45:00,42.54,5.182,28.32,11.73,297.3,2.7
2024-01-22T11:50:00,41.97,5.3,28.23,11.673,295.7,2.85
2024-01-22T11:55:00,43.53,5.251,27.12,11.793,295.0,2.84
2024-01-22T12:00:00,39.98,5.208,27.43,11.863,299.6,2.97
2024-01-22T12:05:00,44.86,5.253,28.31,11.96,309.9,2.79
2024-01-22T12:10:00,43.18,5.271,27.86,11.81,296.4,2.77
2024-01-22T12:15:00,42.88,5.184,28.57,11.962,296.8,2.74
2024-01-22T12:20:00,45.79,5.234,27.74,11.701,304.3,2.85
2024-01-22T12:25:00,43.06,5.203,27.85,11.808,289.9,2.64
2024-01-22T12:30:00,44.32,5.229,28.5,12.106,299.2,2.75
2024-01-22T12:35:00,41.72,5.221,28.34,11.843,300.8,2.85
2024-01-22T12:40:00,42.54,5.199,27.59,11.988,300.7,2.77
2024-01-22T12:45:00,41.99,5.305,27.6,11.846,290.1,2.83
2024-01-22T12:50:00,42.54,5.246,28.39,11.775,292.5,2.74
2024-01-22T12:55:00,43.28,5.294,28.29,11.895,299.7,2.71
2024-01-22T13:00:00,41.29,5.248,28.08,11.745,293.4,2.76
2024-01-22T13:05:00,42.76,5.246,28.11,11.961,308.1,2.84
2024-01-22T13:10:00,40.91,5.236,27.27,11.77,299.1,2.8
2024-01-22T13:15:00,40.94,5.253,28.07,11.623,300.5,2.85
2024-01-22T13:20:00,44.25,5.233,27.56,11.841,308.2,2.86
2024-01-22T13:25:00,40.56,5.241,27.96,11.737,307.9,2.8
2024-01-22T13:30:00,43.84,5.257,28.05,11.699,303.4,2.83
2024-01-22T13:35:00,44.29,5.248,27.95,11.859,306.8,2.6
2024-01-22T13:40:00,40.04,5.211,27.99,12.131,299.3,2.95
2024-01-22T13:45:00,43.04,5.212,28.09,11.664,299.7,2.86
2024-01-22T13:50:00,41.94,5.238,28.28,11.739,297.0,2.77
2024-01-22T13:55:00,42.7,5.255,27.73,11.913,291.1,2.81
2024-01-22T14:00:00,42.68,5.211,28.22,11.705,298.6,2.88
2024-01-22T14:05:00,43.15,5.229,28.15,11.843,296.0,3.01
2024-01-22T14:10:00,40.94,5.236,27.74,11.783,303.3,3.09
2024-01-22T14:15:00,43.45,5.178,28.14,11.7,295.6,2.82
2024-01-22T14:20:00,44.1,5.261,28.01,11.651,295.7,3.04
2024-01-22T14:25:00,39.81,5.244,27.67,11.703,304.9,2.85
2024-01-22T14:30:00,45.21,5.195,27.83,11.906,299.6,3.05
2024-01-22T14:35:00,42.26,5.245,27.83,11.715,300.8,2.74
2024-01-22T14:40:00,41.18,5.221,27.99,12.145,309.6,2.77
2024-01-22T14:45:00,44.39,5.244,27.7,12.11,302.9,2.83
2024-01-22T14:50:00,41.84,5.228,27.83,12.002,295.1,2.99
2024-01-22T14:55:00,45.16,5.178,28.32,11.891,312.5,2.87
2024-01-22T15:00:00,43.0,5.19,27.91,12.094,305.2,2.84
2024-01-22T15:05:00,44.34,5.232,28.18,11.719,301.2,2.97
2024-01-22T15:10:00,43.84,5.204,28.39,11.743,296.8,3.04
2024-01-22T15:15:00,43.84,5.217,27.7,11.772,291.3,2.83
2024-01-22T15:20:00,43.91,5.263,27.87,11.758,295.6,2.8
2024-01-22T15:25:00,45.71,5.27,28.21,11.878,303.2,3.11
2024-01-22T15:30:00,44.65,5.223,27.59,11.855,296.6,2.95
2024-01-22T15:35:00,46.62,5.235,28.35,11.813,297.8,2.92
2024-01-22T15:40:00,42.66,5.249,28.0,11.604,304.7,2.98
2024-01-22T15:45:00,47.05,5.23,28.35,11.75,298.0,3.03
2024-01-22T15:50:00,44.18,5.162,28.01,11.941,306.2,3.02
2024-01-22T15:55:00,41.33,5.212,28.12,11.868,302.1,3.09
2024-01-22T16:00:00,44.57,5.234,27.7,11.778,288.7,3.02
2024-01-22T16:05:00,43.08,5.185,28.19,11.825,298.7,3.04
2024-01-22T16:10:00,40.84,5.213,27.94,12.078,307.3,2.82
2024-01-22T16:15:00,44.3,5.231,27.94,12.088,297.8,3.1
2024-01-22T16:20:00,44.66,5.222,27.77,11.636,312.9,3.04
2024-01-22T16:25:00,45.9,5.191,28.53,11.888,287.5,2.92
2024-01-22T16:30:00,45.11,5.241,27.95,11.726,299.9,2.91
2024-01-22T16:35:00,45.37,5.255,28.48,11.57,296.0,3.08
2024-01-22T16:40:00,46.11,5.265,28.06,11.751,298.3,3.11
2024-01-22T16:45:00,43.34,5.195,27.91,11.89,307.6,3.13
2024-01-22T16:50:00,42.66,5.273,27.66,11.625,302.5,2.96
2024-01-22T16:55:00,43.3,5.269,28.06,12.033,301.3,2.83
2024-01-22T17:00:00,44.17,5.242,27.66,11.46,294.6,3.09
2024-01-22T17:05:00,44.34,5.259,27.65,11.874,298.2,3.2
2024-01-22T17:10:00,44.78,5.304,27.58,11.799,304.0,3.21
2024-01-22T17:15:00,45.92,5.206,27.79,11.739,301.9,3.13
2024-01-22T17:20:00,47.03,5.234,28.36,11.955,298.3,3.14
2024-01-22T17:25:00,45.39,5.248,27.52,11.817,294.4,3.07
2024-01-22T17:30:00,46.01,5.262,28.1,11.532,294.4,3.2
2024-01-22T17:35:00,45.02,5.251,28.06,12.09,302.7,3.06
2024-01-22T17:40:00,46.2,5.306,27.58,11.778,299.5,2.95
2024-01-22T17:45:00,44.01,5.193,28.19,12.021,308.7,3.14
2024-01-22T17:50:00,45.54,5.279,27.74,11.812,299.4,3.04
2024-01-22T17:55:00,44.48,5.27,28.17,11.606,303.2,3.1
2024-01-22T18:00:00,43.81,5.227,28.06,11.858,301.4,3.12
2024-01-22T18:05:00,44.49,5.332,28.27,11.758,302.1,3.07
2024-01-22T18:10:00,44.9,5.246,27.44,11.711,292.2,3.04
2024-01-22T18:15:00,44.78,5.281,27.56,11.809,296.2,3.26
2024-01-22T18:20:00,46.51,5.299,27.79,11.796,299.5,3.08
2024-01-22T18:25:00,44.75,5.264,28.16,11.483,303.1,3.08
2024-01-22T18:30:00,47.16,5.223,28.09,11.677,300.8,3.27
2024-01-22T18:35:00,43.36,5.202,28.17,11.92,299.7,3.08
2024-01-22T18:40:00,45.62,5.239,28.23,11.926,298.1,3.29
2024-01-22T18:45:00,46.37,5.281,27.59,11.654,298.3,3.25
2024-01-22T18:50:00,45.16,5.216,28.29,11.945,305.9,3.02
2024-01-22T18:55:00,45.8,5.257,27.91,11.59,303.4,3.07
2024-01-22T19:00:00,44.87,5.24,27.92,11.453,294.2,2.97
2024-01-22T19:05:00,46.89,5.276,28.36,11.692,295.9,3.04
2024-01-22T19:10:00,46.53,5.251,27.4,11.843,295.7,3.15
2024-01-22T19:15:00,46.77,5.243,28.1,11.841,300.4,3.23
2024-01-22T19:20:00,45.76,5.231,28.02,11.814,302.4,3.19
2024-01-22T19:25:00,47.71,5.247,27.81,11.823,304.4,3.03
2024-01-22T19:30:00,46.24,5.255,27.63,11.603,298.1,3.12
2024-01-22T19:35:00,47.19,5.261,27.99,11.691,297.3,3.05
2024-01-22T19:40:00,46.7,5.218,28.22,11.976,299.6,3.16
2024-01-22T19:45:00,44.74,5.229,28.04,11.828,297.5,3.26
2024-01-22T19:50:00,44.76,5.19,27.4,12.042,299.2,3.13
2024-01-22T19:55:00,46.13,5.192,27.46,11.792,301.5,3.21
2024-01-22T20:00:00,43.48,5.254,28.38,11.696,301.4,3.12
2024-01-22T20:05:00,43.95,5.272,28.02,11.766,291.2,3.18
2024-01-22T20:10:00,45.54,5.232,27.63,11.828,302.8,3.15
2024-01-22T20:15:00,45.52,5.27,27.88,11.434,308.7,3.26
2024-01-22T20:20:00,45.92,5.239,27.92,11.807,298.5,3.28
2024-01-22T20:25:00,44.54,5.207,28.61,11.615,302.7,3.26
2024-01-22T20:30:00,47.12,5.237,28.06,11.596,295.1,3.25
2024-01-22T20:35:00,45.08,5.263,27.54,11.691,302.8,3.31
2024-01-22T20:40:00,45.03,5.234,28.08,11.621,299.2,3.29
2024-01-22T20:45:00,45.54,5.19,28.25,12.017,308.4,3.29
2024-01-22T20:50:00,46.15,5.208,28.19,11.589,293.2,3.22
2024-01-22T20:55:00,46.56,5.231,28.05,11.6,300.1,3.16
2024-01-22T21:00:00,46.33,5.212,28.67,11.844,302.4,3.25
2024-01-22T21:05:00,49.2,5.237,28.1,11.961,295.1,3.25
2024-01-22T21:10:00,46.75,5.252,28.17,11.718,301.2,3.15
2024-01-22T21:15:00,45.69,5.234,28.32,11.607,294.2,3.24
2024-01-22T21:20:00,46.1,5.256,27.96,11.89,301.3,3.26
2024-01-22T21:25:00,44.26,5.231,28.09,11.846,302.7,3.43
2024-01-22T21:30:00,48.84,5.223,28.4,11.686,304.1,3.2
2024-01-22T21:35:00,46.58,5.261,27.93,11.79,298.5,3.43
2024-01-22T21:40:00,47.93,5.236,28.5,11.729,296.6,3.24
2024-01-22T21:45:00,46.05,5.291,28.27,11.971,299.2,3.12
2024-01-22T21:50:00,46.91,5.278,28.48,11.739,296.6,3.39
2024-01-22T21:55:00,48.4,5.258,27.42,11.856,299.2,3.2
2024-01-22T22:00:00,48.29,5.252,28.34,11.71,301.7,3.19
2024-01-22T22:05:00,47.08,5.237,27.71,11.361,291.5,3.25
2024-01-22T22:10:00,47.89,5.249,28.48,11.709,294.8,3.42
2024-01-22T22:15:00,47.97,5.231,28.32,11.745,301.5,3.26
2024-01-22T22:20:00,46.6,5.259,27.65,11.735,299.9,3.38
2024-01-22T22:25:00,49.01,5.267,28.0,11.741,301.1,3.37
2024-01-22T22:30:00,44.29,5.235,27.55,11.795,306.4,3.34
2024-01-22T22:35:00,48.4,5.257,27.66,11.705,299.6,3.32
2024-01-22T22:40:00,46.06,5.239,27.97,11.472,292.6,3.47
2024-01-22T22:45:00,47.18,5.257,27.76,11.717,302.3,3.32
2024-01-22T22:50:00,48.02,5.289,28.22,11.597,304.6,3.31
2024-01-22T22:55:00,49.43,5.306,28.46,11.491,298.3,3.25
2024-01-22T23:00:00,44.7,5.242,28.48,11.57,299.3,3.41
2024-01-22T23:05:00,46.65,5.306,28.6,11.936,299.3,3.32
2024-01-22T23:10:00,46.77,5.211,28.38,11.833,306.1,3.4
2024-01-22T23:15:00,45.48,5.249,27.85,11.538,298.3,3.49
2024-01-22T23:20:00,49.42,5.216,27.9,11.837,303.8,3.44
2024-01-22T23:25:00,48.01,5.301,28.16,11.956,305.3,3.37
2024-01-22T23:30:00,48.78,5.294,28.22,11.727,299.6,3.54
2024-01-22T23:35:00,45.31,5.266,28.0,11.395,303.0,3.41
2024-01-22T23:40:00,46.26,5.263,28.3,11.809,306.1,3.61
2024-01-22T23:45:00,47.92,5.201,27.84,11.759,299.0,3.52
2024-01-22T23:50:00,48.73,5.246,27.95,11.63,301.2,3.38
2024-01-22T23:55:00,45.01,5.239,27.86,11.656,297.4,3.47
2024-01-23T00:00:00,47.95,5.277,28.17,11.819,298.5,3.39
2024-01-23T00:05:00,48.49,5.289,28.36,11.766,297.3,3.43
2024-01-23T00:10:00,49.27,5.275,27.98,11.819,293.7,3.34
2024-01-23T00:15:00,48.21,5.214,28.01,11.758,303.2,3.33
2024-01-23T00:20:00,47.16,5.285,27.84,11.882,294.9,3.4
2024-01-23T00:25:00,47.17,5.241,28.1,11.702,299.1,3.45
2024-01-23T00:30:00,48.37,5.245,28.48,11.459,295.3,3.28
2024-01-23T00:35:00,48.33,5.217,27.54,11.807,307.7,3.61
2024-01-23T00:40:00,47.16,5.298,27.86,11.34,297.5,3.44
2024-01-23T00:45:00,45.32,5.279,27.45,11.544,301.2,3.56
2024-01-23T00:50:00,46.52,5.284,28.16,11.494,296.9,3.6
2024-01-23T00:55:00,48.34,5.221,27.88,11.892,301.4,3.47
2024-01-23T01:00:00,45.67,5.204,28.05,11.851,297.5,3.43
2024-01-23T01:05:00,48.02,5.247,28.2,11.444,300.3,3.48
2024-01-23T01:10:00,46.05,5.265,27.5,11.885,295.8,3.38
2024-01-23T01:15:00,47.95,5.248,27.67,11.825,298.5,3.43
2024-01-23T01:20:00,46.59,5.289,27.5,11.764,296.0,3.68
2024-01-23T01:25:00,46.14,5.256,27.86,11.641,295.8,3.4
2024-01-23T01:30:00,47.76,5.191,28.45,12.12,303.1,3.44
2024-01-23T01:35:00,49.18,5.242,27.42,11.564,308.9,3.48
2024-01-23T01:40:00,50.11,5.219,28.31,11.928,196.7,3.34
2024-01-23T01:45:00,48.82,5.236,27.91,11.639,305.7,3.54
2024-01-23T01:50:00,49.3,5.256,27.24,11.575,302.1,3.58
2024-01-23T01:55:00,49.62,5.23,28.1,11.704,292.2,3.58
2024-01-23T02:00:00,46.81,5.227,27.79,11.993,300.6,3.44
2024-01-23T02:05:00,49.6,5.266,27.47,11.762,305.0,3.64
2024-01-23T02:10:00,48.92,5.257,28.31,11.823,309.6,3.46
2024-01-23T02:15:00,48.26,5.247,27.54,11.859,298.6,3.46
2024-01-23T02:20:00,46.77,5.237,27.88,11.627,300.5,3.4
2024-01-23T02:25:00,48.99,5.227,28.32,11.479,301.1,3.63
2024-01-23T02:30:00,48.01,5.234,28.26,11.907,302.5,3.56
2024-01-23T02:35:00,48.18,5.252,28.01,11.903,295.3,3.59
2024-01-23T02:40:00,49.19,5.252,27.95,11.903,301.7,3.66
2024-01-23T02:45:00,48.05,5.261,28.14,11.784,295.0,3.6
2024-01-23T02:50:00,49.3,5.271,28.22,11.367,298.0,3.62
2024-01-23T02:55:00,50.73,5.251,28.04,11.904,205.6,3.45
2024-01-23T03:00:00,50.64,5.281,28.11,11.642,192.5,3.6
2024-01-23T03:05:00,49.16,5.228,27.69,11.601,289.7,3.73
2024-01-23T03:10:00,48.92,5.252,27.68,11.628,293.7,3.51
2024-01-23T03:15:00,49.26,5.228,28.52,11.579,305.1,3.7
2024-01-23T03:20:00,51.01,5.246,27.99,11.669,200.8,3.69
2024-01-23T03:25:00,48.05,5.236,28.19,11.781,303.6,3.59
2024-01-23T03:30:00,48.48,5.271,28.54,11.447,294.0,3.59
2024-01-23T03:35:00,50.85,5.252,27.73,11.626,202.8,3.59
2024-01-23T03:40:00,47.5,5.305,28.12,11.5,300.5,3.62
2024-01-23T03:45:00,49.29,5.262,28.03,11.726,304.3,3.65
2024-01-23T03:50:00,47.97,5.194,28.61,11.535,304.3,3.57
2024-01-23T03:55:00,47.96,5.299,27.57,11.639,300.6,3.64
2024-01-23T04:00:00,48.79,5.201,27.92,11.804,295.1,3.67
2024-01-23T04:05:00,46.36,5.229,27.83,11.894,298.1,3.74
2024-01-23T04:10:00,49.62,5.235,28.07,11.652,303.9,3.6
2024-01-23T04:15:00,49.1,5.285,27.94,11.795,301.9,3.67
2024-01-23T04:20:00,49.43,5.27,27.63,11.662,307.2,3.49
2024-01-23T04:25:00,48.93,5.266,28.47,11.573,290.7,3.63
2024-01-23T04:30:00,49.14,5.262,28.48,11.356,300.6,3.79
2024-01-23T04:35:00,48.46,5.212,28.08,11.762,292.5,3.82
2024-01-23T04:40:00,50.93,5.24,28.08,11.649,201.0,3.69
2024-01-23T04:45:00,49.75,5.227,27.64,11.608,306.2,3.77
2024-01-23T04:50:00,51.69,5.247,28.4,11.682,200.9,3.6
2024-01-23T04:55:00,50.7,5.251,28.22,11.948,198.0,3.79
2024-01-23T05:00:00,47.71,5.284,27.93,11.311,301.0,3.58
2024-01-23T05:05:00,51.05,5.249,27.88,11.946,205.1,3.92
2024-01-23T05:10:00,52.54,5.228,27.75,11.811,194.1,3.77
2024-01-23T05:15:00,49.08,5.28,28.37,11.694,292.4,3.67
2024-01-23T05:20:00,48.63,5.232,28.31,11.79,293.6,3.7
2024-01-23T05:25:00,48.5,5.279,27.83,11.715,307.0,3.73
2024-01-23T05:30:00,50.5,5.237,27.38,11.766,201.8,3.75
2024-01-23T05:35:00,49.06,5.243,28.6,11.748,292.6,3.82
2024-01-23T05:40:00,48.92,5.247,27.76,11.577,302.9,3.89
2024-01-23T05:45:00,49.61,5.227,28.16,11.733,310.8,3.72
2024-01-23T05:50:00,48.63,5.242,27.18,11.605,302.0,3.68
2024-01-23T05:55:00,50.63,5.224,27.9,11.419,207.3,3.63
2024-01-23T06:00:00,49.92,5.291,27.53,11.43,302.0,3.83
2024-01-23T06:05:00,50.74,5.283,27.91,11.35,206.3,3.89
2024-01-23T06:10:00,48.89,5.228,27.99,11.674,302.8,3.75
2024-01-23T06:15:00,51.49,5.263,27.89,11.328,204.3,3.94
2024-01-23T06:20:00,50.26,5.214,28.15,11.236,200.6,3.86
2024-01-23T06:25:00,46.82,5.244,28.12,11.581,305.1,3.68
2024-01-23T06:30:00,48.68,5.268,27.85,11.809,300.9,3.89
2024-01-23T06:35:00,48.66,5.263,28.72,11.47,295.7,4.01
2024-01-23T06:40:00,49.55,5.249,27.79,11.954,299.7,3.67
2024-01-23T06:45:00,51.97,5.24,27.93,11.641,191.5,3.85
2024-01-23T06:50:00,49.84,5.252,27.91,11.691,302.5,3.82
2024-01-23T06:55:00,50.09,5.292,28.2,11.698,201.0,3.98
2024-01-23T07:00:00,51.74,5.277,27.45,11.713,206.5,3.84
2024-01-23T07:05:00,50.23,5.248,28.07,11.641,197.0,3.96
2024-01-23T07:10:00,49.26,5.231,28.08,11.631,300.9,3.88
2024-01-23T07:15:00,47.45,5.278,28.45,11.493,294.9,4.0
2024-01-23T07:20:00,49.86,5.247,27.58,11.689,304.9,3.77
2024-01-23T07:25:00,51.38,5.203,27.54,11.529,199.9,3.88
2024-01-23T07:30:00,49.46,5.335,27.93,11.718,298.8,3.78
2024-01-23T07:35:00,50.86,5.295,27.55,11.663,198.8,3.91
2024-01-23T07:40:00,49.97,5.276,27.76,11.731,307.8,3.97
2024-01-23T07:45:00,48.37,5.228,28.2,11.441,293.6,3.84
2024-01-23T07:50:00,49.9,5.267,27.68,11.71,303.0,3.82
2024-01-23T07:55:00,50.38,5.263,28.01,11.592,196.2,3.85
2024-01-23T08:00:00,47.98,5.246,28.12,11.64,293.6,4.0
2024-01-23T08:05:00,48.19,5.301,27.96,11.83,302.1,3.84
2024-01-23T08:10:00,50.69,5.236,27.65,11.777,192.7,3.91
2024-01-23T08:15:00,51.08,5.257,27.65,11.723,196.6,4.02
2024-01-23T08:20:00,50.34,5.228,28.1,11.564,197.7,4.01
2024-01-23T08:25:00,49.4,5.257,27.83,11.752,292.9,3.82
2024-01-23T08:30:00,50.65,5.265,27.91,11.665,204.7,3.92
2024-01-23T08:35:00,47.52,5.143,28.09,11.74,292.9,3.9
2024-01-23T08:40:00,52.58,5.273,28.05,11.588,204.2,3.96
2024-01-23T08:45:00,51.83,5.228,28.1,11.564,192.3,3.95
2024-01-23T08:50:00,52.76,5.214,27.82,11.661,204.1,3.97
2024-01-23T08:55:00,48.83,5.244,28.37,11.658,299.7,3.98
2024-01-23T09:00:00,48.51,5.29,28.15,11.613,311.5,3.84
2024-01-23T09:05:00,48.34,5.267,28.29,11.753,289.6,3.93
2024-01-23T09:10:00,49.27,5.274,28.34,11.544,299.3,3.97
2024-01-23T09:15:00,50.34,5.229,28.33,11.645,201.5,4.0
2024-01-23T09:20:00,49.67,5.257,27.54,11.506,291.6,3.9
2024-01-23T09:25:00,49.4,5.232,27.76,11.704,297.7,3.93
2024-01-23T09:30:00,51.98,5.293,28.35,11.95,195.0,3.85
2024-01-23T09:35:00,52.42,5.246,27.62,11.458,197.8,3.95
2024-01-23T09:40:00,50.81,5.238,28.21,11.664,196.8,3.97
2024-01-23T09:45:00,49.49,5.246,28.18,11.726,295.7,3.95
2024-01-23T09:50:00,53.56,5.281,28.14,11.705,202.7,3.88
2024-01-23T09:55:00,50.45,5.273,28.03,11.638,201.9,3.96
2024-01-23T10:00:00,48.67,5.254,28.42,11.629,301.6,4.0
2024-01-23T10:05:00,48.49,5.23,28.51,11.904,300.2,3.98
2024-01-23T10:10:00,51.22,5.28,27.67,11.438,199.3,3.97
2024-01-23T10:15:00,48.89,5.301,28.27,11.656,298.2,3.98
2024-01-23T10:20:00,49.42,5.251,27.92,11.596,308.1,4.09
2024-01-23T10:25:00,51.16,5.231,27.99,11.756,204.9,3.87
2024-01-23T10:30:00,54.11,5.296,28.42,11.71,201.1,4.1
2024-01-23T10:35:00,51.84,5.284,28.09,11.506,206.6,3.95
2024-01-23T10:40:00,50.8,5.234,28.07,11.585,191.4,4.1
2024-01-23T10:45:00,49.9,5.24,27.93,11.619,303.4,4.05
2024-01-23T10:50:00,49.43,5.284,27.78,11.506,300.3,4.01
2024-01-23T10:55:00,52.0,5.227,27.43,11.658,197.2,4.18
2024-01-23T11:00:00,53.48,5.259,27.47,11.913,188.3,3.94
2024-01-23T11:05:00,52.7,5.291,28.07,11.579,195.6,3.9
2024-01-23T11:10:00,51.81,5.277,27.69,11.646,203.3,4.04
2024-01-23T11:15:00,49.61,5.286,27.93,11.447,307.9,4.05
2024-01-23T11:20:00,50.79,5.267,27.78,11.534,195.4,4.07
2024-01-23T11:25:00,51.73,5.311,27.84,11.733,208.4,3.91
2024-01-23T11:30:00,48.2,5.252,27.85,11.453,302.6,4.02
2024-01-23T11:35:00,50.27,5.255,27.47,11.425,195.1,3.92
2024-01-23T11:40:00,51.16,5.286,27.55,11.818,206.0,4.13
2024-01-23T11:45:00,49.83,5.281,28.19,11.303,296.6,3.97
2024-01-23T11:50:00,51.07,5.302,27.77,11.512,205.0,3.92
2024-01-23T11:55:00,52.15,5.294,28.26,11.474,193.4,3.95
2024-01-23T12:00:00,51.0,5.234,28.14,11.723,196.4,4.18
2024-01-23T12:05:00,51.86,5.308,28.02,11.831,203.8,4.15
2024-01-23T12:10:00,50.59,5.216,27.98,11.635,204.1,4.09
2024-01-23T12:15:00,50.18,5.208,27.85,11.673,198.5,3.97
2024-01-23T12:20:00,53.99,5.271,27.93,11.689,198.7,4.01
2024-01-23T12:25:00,51.2,5.281,28.06,11.472,202.3,4.04
2024-01-23T12:30:00,52.0,5.247,27.67,11.329,194.5,4.04
2024-01-23T12:35:00,48.53,5.282,27.57,11.561,300.7,4.02
2024-01-23T12:40:00,53.75,5.227,27.98,11.726,198.6,4.04
2024-01-23T12:45:00,50.56,5.255,27.67,11.625,204.9,4.05
2024-01-23T12:50:00,50.64,5.248,27.68,11.729,201.8,3.9
2024-01-23T12:55:00,49.16,5.276,28.47,11.868,303.0,4.02
2024-01-23T13:00:00,49.07,5.291,28.45,11.445,297.8,3.89
2024-01-23T13:05:00,49.68,5.265,28.48,11.22,303.4,4.03
2024-01-23T13:10:00,50.3,5.311,28.06,11.528,189.5,3.93
2024-01-23T13:15:00,50.37,5.286,27.97,11.459,199.6,4.13
2024-01-23T13:20:00,54.0,5.249,28.03,11.482,198.6,4.01
2024-01-23T13:25:00,51.87,5.246,27.66,11.653,212.5,3.95
2024-01-23T13:30:00,48.82,5.261,27.96,11.69,302.4,3.73
2024-01-23T13:35:00,49.52,5.279,27.69,11.609,295.7,3.97
2024-01-23T13:40:00,50.55,5.234,27.45,11.425,205.1,3.87
2024-01-23T13:45:00,52.41,5.251,27.75,11.556,201.1,4.11
2024-01-23T13:50:00,51.07,5.218,27.88,11.406,200.2,3.91
2024-01-23T13:55:00,49.2,5.272,28.32,11.512,294.5,3.94
2024-01-23T14:00:00,53.14,5.225,27.95,11.655,201.4,3.99
2024-01-23T14:05:00,52.09,5.316,28.03,11.208,194.8,3.95
2024-01-23T14:10:00,52.72,5.289,28.11,11.844,196.7,3.98
2024-01-23T14:15:00,52.2,5.316,28.34,11.566,192.9,4.02
2024-01-23T14:20:00,52.32,5.252,28.87,11.687,193.6,3.89
2024-01-23T14:25:00,54.58,5.246,27.92,11.611,205.4,4.0
2024-01-23T14:30:00,52.27,5.279,28.31,11.525,206.5,4.03
2024-01-23T14:35:00,51.75,5.286,28.02,11.618,200.0,4.12
2024-01-23T14:40:00,49.19,5.271,27.79,11.801,298.4,4.04
2024-01-23T14:45:00,51.29,5.214,27.71,11.673,204.5,3.73
2024-01-23T14:50:00,52.26,5.311,27.94,11.75,189.7,4.04
2024-01-23T14:55:00,52.88,5.252,28.03,11.762,197.3,3.92
2024-01-23T15:00:00,49.71,5.245,27.67,11.713,292.5,4.01
2024-01-23T15:05:00,51.24,5.227,28.25,11.743,208.4,3.94
2024-01-23T15:10:00,52.31,5.321,27.84,11.497,193.3,4.06
2024-01-23T15:15:00,51.56,5.255,28.3,11.687,202.6,3.92
2024-01-23T15:20:00,49.54,5.293,27.92,11.574,297.8,4.0
2024-01-23T15:25:00,52.92,5.29,27.95,11.572,203.8,4.04
2024-01-23T15:30:00,51.4,5.268,28.15,11.501,198.2,3.96
2024-01-23T15:35:00,53.02,5.25,28.17,11.859,200.6,4.04
2024-01-23T15:40:00,53.4,5.283,27.98,11.584,205.2,4.02
2024-01-23T15:45:00,52.11,5.27,28.0,11.581,197.1,3.92
2024-01-23T15:50:00,49.56,5.247,27.95,11.412,300.5,3.97
2024-01-23T15:55:00,54.02,5.306,28.13,11.207,209.5,3.9
2024-01-23T16:00:00,50.23,5.28,27.62,11.843,200.1,4.04
2024-01-23T16:05:00,52.76,5.276,27.84,11.536,197.2,4.08
2024-01-23T16:10:00,53.08,5.31,27.5,11.46,205.7,4.21
2024-01-23T16:15:00,52.62,5.305,27.92,11.595,200.9,3.87
2024-01-23T16:20:00,52.48,5.289,28.32,11.577,196.1,3.95
2024-01-23T16:25:00,51.52,5.28,27.98,11.84,195.9,4.16
2024-01-23T16:30:00,50.07,5.261,27.4,11.476,196.7,3.9
2024-01-23T16:35:00,50.76,5.301,28.42,11.647,203.9,3.98
2024-01-23T16:40:00,49.5,5.27,27.74,11.575,303.5,4.26
2024-01-23T16:45:00,48.81,5.264,28.04,11.627,300.4,3.93
2024-01-23T16:50:00,49.95,5.246,28.19,11.588,294.9,4.05
2024-01-23T16:55:00,54.47,5.252,27.93,11.345,201.7,3.94
2024-01-23T17:00:00,52.7,5.304,28.24,11.572,199.1,3.99
2024-01-23T17:05:00,53.28,5.247,28.03,11.902,198.3,3.99
2024-01-23T17:10:00,51.25,5.33,28.17,11.364,187.5,4.12
2024-01-23T17:15:00,51.34,5.297,27.74,11.711,197.6,4.15
2024-01-23T17:20:00,49.09,5.274,27.98,11.506,306.0,4.0
2024-01-23T17:25:00,53.47,5.279,27.77,11.483,205.8,4.02
2024-01-23T17:30:00,52.18,5.244,27.84,11.545,200.0,3.98
2024-01-23T17:35:00,52.26,5.302,28.0,11.735,205.3,4.04
2024-01-23T17:40:00,51.92,5.247,28.15,11.545,199.8,3.95
2024-01-23T17:45:00,50.08,5.264,28.31,11.708,201.6,4.0
2024-01-23T17:50:00,52.24,5.231,27.9,11.579,208.1,3.93
2024-01-23T17:55:00,51.17,5.274,27.83,11.493,202.4,4.02
2024-01-23T18:00:00,50.42,5.266,27.93,11.656,202.3,3.92
2024-01-23T18:05:00,53.78,5.247,27.85,11.677,197.3,4.26
2024-01-23T18:10:00,54.53,5.239,27.7,11.474,196.6,3.92
2024-01-23T18:15:00,50.97,5.253,28.35,11.497,206.1,4.09
2024-01-23T18:20:00,52.18,5.262,27.71,11.615,201.8,3.88
2024-01-23T18:25:00,53.78,5.334,28.12,11.387,205.5,3.98
2024-01-23T18:30:00,52.98,5.295,28.02,11.334,198.8,4.1
2024-01-23T18:35:00,50.92,5.247,28.03,11.386,194.6,3.93
2024-01-23T18:40:00,51.7,5.233,28.03,11.427,206.2,4.01
2024-01-23T18:45:00,54.1,5.301,28.02,11.764,200.1,4.08
2024-01-23T18:50:00,49.29,5.293,27.66,11.473,295.2,4.0
2024-01-23T18:55:00,50.01,5.283,28.29,11.517,194.4,4.13
2024-01-23T19:00:00,55.31,5.266,28.04,11.296,190.5,3.99
2024-01-23T19:05:00,52.02,5.262,27.72,11.563,205.7,4.0
2024-01-23T19:10:00,51.37,5.266,28.24,11.759,191.9,3.88
2024-01-23T19:15:00,50.42,5.224,28.56,11.692,193.0,4.02
2024-01-23T19:20:00,47.97,5.271,28.13,11.537,301.8,4.09
2024-01-23T19:25:00,53.27,5.258,27.58,11.468,193.5,3.85
2024-01-23T19:30:00,49.94,5.287,27.92,11.676,299.5,4.14
2024-01-23T19:35:00,53.14,5.28,27.95,11.458,211.5,3.86
2024-01-23T19:40:00,53.22,5.265,28.49,11.717,190.8,3.95
2024-01-23T19:45:00,52.86,5.246,28.13,11.341,199.1,3.95
2024-01-23T19:50:00,51.85,5.247,28.84,11.58,197.6,3.78
2024-01-23T19:55:00,50.37,5.305,28.1,11.395,202.0,3.96
2024-01-23T20:00:00,51.72,5.278,28.25,11.478,201.7,4.05
2024-01-23T20:05:00,53.62,5.289,28.11,11.594,205.9,3.93
2024-01-23T20:10:00,50.52,5.286,27.44,11.39,202.3,3.99
2024-01-23T20:15:00,51.3,5.274,28.34,11.688,206.9,3.93
2024-01-23T20:20:00,52.77,5.292,27.92,11.544,206.4,3.81
2024-01-23T20:25:00,53.01,5.294,28.41,11.453,206.0,3.97
2024-01-23T20:30:00,51.27,5.309,28.54,11.71,206.1,4.01
2024-01-23T20:35:00,50.06,5.29,27.67,11.464,196.0,3.88
2024-01-23T20:40:00,52.33,5.289,27.82,11.444,205.3,3.98
2024-01-23T20:45:00,52.72,5.34,28.1,11.394,198.2,3.85
2024-01-23T20:50:00,52.74,5.27,27.5,11.479,195.7,4.15
2024-01-23T20:55:00,51.07,5.302,27.65,11.726,207.0,4.02
2024-01-23T21:00:00,49.84,5.302,28.0,11.652,304.3,4.09
2024-01-23T21:05:00,51.52,5.305,27.98,11.519,195.6,3.91
2024-01-23T21:10:00,51.67,5.315,28.05,11.287,197.4,4.08
2024-01-23T21:15:00,52.59,5.277,28.23,11.383,192.1,3.91
2024-01-23T21:20:00,52.06,5.319,27.85,11.261,197.4,4.09
2024-01-23T21:25:00,52.33,5.303,27.68,11.666,206.9,4.21
2024-01-23T21:30:00,49.35,5.266,28.18,11.583,297.9,4.13
2024-01-23T21:35:00,51.43,5.284,27.73,11.592,199.1,3.94
2024-01-23T21:40:00,55.67,5.24,27.42,11.68,198.8,3.85
2024-01-23T21:45:00,53.63,5.328,28.06,11.509,199.0,3.8
2024-01-23T21:50:00,52.62,5.302,27.79,11.506,197.8,3.85
2024-01-23T21:55:00,50.86,5.236,28.1,11.157,197.4,3.95
2024-01-23T22:00:00,47.69,5.329,27.7,11.352,297.9,3.85
2024-01-23T22:05:00,52.76,5.259,27.88,11.645,208.4,3.99
2024-01-23T22:10:00,51.15,5.227,27.95,11.471,201.6,4.11
2024-01-23T22:15:00,50.88,5.266,28.0,11.16,199.3,3.99
2024-01-23T22:20:00,51.22,5.312,28.13,11.558,198.4,4.16
2024-01-23T22:25:00,53.99,5.193,28.47,11.729,204.0,4.2
2024-01-23T22:30:00,54.97,5.311,28.4,11.681,210.0,4.02
2024-01-23T22:35:00,52.15,5.296,28.02,11.258,193.8,3.84
2024-01-23T22:40:00,53.83,5.332,28.27,11.382,205.3,3.99
2024-01-23T22:45:00,51.95,5.277,27.85,11.231,200.3,4.04
2024-01-23T22:50:00,52.22,5.228,27.86,11.62,200.2,4.12
2024-01-23T22:55:00,53.42,5.294,28.01,11.406,204.7,3.93
2024-01-23T23:00:00,52.64,5.266,28.15,11.404,196.4,4.02
2024-01-23T23:05:00,52.99,5.271,27.9,11.474,200.5,4.02
2024-01-23T23:10:00,55.24,5.256,27.98,11.488,192.1,4.04
2024-01-23T23:15:00,52.27,5.274,28.08,11.32,197.2,3.94
2024-01-23T23:20:00,53.12,5.269,27.92,11.702,208.2,3.98
2024-01-23T23:25:00,51.68,5.269,27.82,11.382,193.6,3.89
2024-01-23T23:30:00,53.6,5.274,27.94,11.361,206.4,4.13
2024-01-23T23:35:00,51.78,5.26,28.21,11.442,199.0,3.96
2024-01-23T23:40:00,51.58,5.296,27.61,11.361,205.0,3.95
2024-01-23T23:45:00,50.74,5.286,27.9,11.46,199.7,4.15
2024-01-23T23:50:00,51.56,5.265,28.18,11.508,206.5,4.03
2024-01-23T23:55:00,53.68,5.329,27.42,11.584,203.3,4.1
2024-01-24T00:00:00,51.44,5.261,27.78,11.279,197.6,4.02
2024-01-24T00:05:00,54.4,5.262,27.75,11.609,206.6,4.06
2024-01-24T00:10:00,53.5,5.286,28.16,11.491,198.3,4.03
2024-01-24T00:15:00,51.77,5.267,27.89,11.251,195.4,3.95
2024-01-24T00:20:00,53.63,5.285,27.49,11.25,195.8,4.03
2024-01-24T00:25:00,51.77,5.285,28.1,11.394,192.8,4.06
2024-01-24T00:30:00,52.8,5.286,27.84,11.355,194.9,3.97
2024-01-24T00:35:00,50.79,5.338,27.92,11.718,200.2,3.89
2024-01-24T00:40:00,52.09,5.256,27.94,11.358,198.0,4.19
2024-01-24T00:45:00,53.01,5.295,27.68,11.298,203.4,3.96
2024-01-24T00:50:00,53.85,5.255,27.69,11.098,203.4,3.97
2024-01-24T00:55:00,54.69,5.269,28.24,11.608,196.2,4.22
2024-01-24T01:00:00,54.42,5.314,28.09,11.366,196.6,3.98
2024-01-24T01:05:00,53.23,5.299,28.04,11.146,185.1,3.87
2024-01-24T01:10:00,53.34,5.297,27.95,11.356,203.2,3.9
2024-01-24T01:15:00,53.62,5.3,27.95,11.559,209.2,4.05
2024-01-24T01:20:00,53.29,5.311,27.82,11.321,205.4,4.04
2024-01-24T01:25:00,53.37,5.277,28.16,11.114,204.7,4.02
2024-01-24T01:30:00,52.66,5.308,28.24,11.715,199.5,4.08
2024-01-24T01:35:00,52.31,5.25,28.07,11.375,201.6,4.12
2024-01-24T01:40:00,52.52,5.254,28.13,11.582,205.6,4.08
2024-01-24T01:45:00,52.64,5.276,27.78,11.625,199.7,3.99
2024-01-24T01:50:00,52.77,5.286,27.77,11.493,204.7,4.01
2024-01-24T01:55:00,51.85,5.25,28.39,11.435,202.8,3.84
2024-01-24T02:00:00,54.37,5.294,28.48,11.574,201.1,3.86
2024-01-24T02:05:00,53.36,5.272,28.17,11.514,191.7,4.1
2024-01-24T02:10:00,51.52,5.287,28.13,11.327,200.8,3.93
2024-01-24T02:15:00,51.31,5.284,28.32,11.382,200.0,4.09
2024-01-24T02:20:00,52.14,5.285,28.65,11.675,207.2,3.83
2024-01-24T02:25:00,53.03,5.315,27.78,11.514,195.8,3.93
2024-01-24T02:30:00,54.26,5.255,27.81,11.369,191.1,4.1
2024-01-24T02:35:00,52.55,5.282,28.14,11.645,207.4,4.04
2024-01-24T02:40:00,50.62,5.258,28.02,11.349,196.7,4.02
2024-01-24T02:45:00,51.47,5.256,28.47,11.37,204.4,4.17
2024-01-24T02:50:00,52.42,5.331,27.99,11.533,201.1,4.0
2024-01-24T02:55:00,55.48,5.306,28.1,11.009,199.7,4.02
2024-01-24T03:00:00,54.01,5.252,28.06,11.36,202.8,3.98
2024-01-24T03:05:00,51.6,5.263,28.07,11.505,203.4,3.81
2024-01-24T03:10:00,52.28,5.286,27.6,11.527,195.7,4.1
2024-01-24T03:15:00,52.53,5.289,28.15,11.452,202.2,3.99
2024-01-24T03:20:00,54.57,5.305,28.02,11.611,203.3,4.03
2024-01-24T03:25:00,54.47,5.262,27.67,11.605,196.5,4.1
2024-01-24T03:30:00,53.72,5.303,28.35,11.209,200.9,3.87
2024-01-24T03:35:00,51.36,5.277,27.95,11.3,194.2,4.15
2024-01-24T03:40:00,55.16,5.328,28.27,11.245,196.5,4.03
2024-01-24T03:45:00,54.52,5.291,27.88,11.251,193.9,3.75
2024-01-24T03:50:00,54.83,5.281,27.95,11.286,203.3,4.18
2024-01-24T03:55:00,51.71,5.235,28.71,11.64,211.3,4.02
2024-01-24T04:00:00,54.62,5.29,27.97,11.249,204.5,4.03
2024-01-24T04:05:00,52.7,5.313,28.15,11.261,201.3,4.09
2024-01-24T04:10:00,53.46,5.192,27.87,11.384,203.8,3.96
2024-01-24T04:15:00,51.64,5.324,28.16,11.368,204.1,3.83
2024-01-24T04:20:00,52.79,5.285,27.82,11.413,198.3,4.08
2024-01-24T04:25:00,55.88,5.309,27.99,11.149,204.5,3.85
2024-01-24T04:30:00,53.04,5.335,27.99,11.335,202.3,3.94
2024-01-24T04:35:00,55.74,5.324,27.98,11.507,203.4,4.06
2024-01-24T04:40:00,54.9,5.328,27.96,11.509,203.2,3.96
2024-01-24T04:45:00,52.84,5.292,27.5,11.294,204.3,3.72
2024-01-24T04:50:00,55.5,5.287,28.0,11.839,201.5,3.94
2024-01-24T04:55:00,53.04,5.292,28.05,11.46,193.4,4.0
2024-01-24T05:00:00,53.46,5.289,28.34,11.455,198.2,4.02
2024-01-24T05:05:00,53.15,5.302,27.97,11.624,206.2,3.97
2024-01-24T05:10:00,53.12,5.269,28.2,11.621,198.5,4.06
2024-01-24T05:15:00,53.29,5.282,27.68,11.018,197.2,3.94
2024-01-24T05:20:00,51.24,5.305,28.41,11.419,201.4,4.08
2024-01-24T05:25:00,55.16,5.352,27.85,11.59,196.4,4.08
2024-01-24T05:30:00,54.47,5.353,28.0,11.531,202.1,3.9
2024-01-24T05:35:00,52.81,5.287,27.9,11.744,196.8,3.93
2024-01-24T05:40:00,51.27,5.273,28.58,11.345,203.7,4.09
2024-01-24T05:45:00,56.08,5.243,27.63,11.599,196.0,3.95
2024-01-24T05:50:00,52.67,5.303,28.01,11.377,196.4,3.78
2024-01-24T05:55:00,52.52,5.289,27.66,11.272,197.5,3.89
2024-01-24T06:00:00,51.74,5.271,27.61,11.401,199.2,3.91
2024-01-24T06:05:00,53.96,5.295,27.76,11.555,201.9,4.07
2024-01-24T06:10:00,55.77,5.311,28.27,11.44,200.7,4.07
2024-01-24T06:15:00,52.68,5.308,28.1,11.298,202.5,4.11
2024-01-24T06:20:00,51.91,5.304,27.78,11.203,216.9,4.05
2024-01-24T06:25:00,52.61,5.283,28.01,11.404,200.6,3.95
2024-01-24T06:30:00,55.41,5.339,28.08,11.374,193.3,4.05
2024-01-24T06:35:00,55.45,5.32,28.43,11.647,200.3,4.06
2024-01-24T06:40:00,53.84,5.338,27.82,11.311,195.7,4.01
2024-01-24T06:45:00,54.38,5.284,28.52,11.379,193.6,4.13
2024-01-24T06:50:00,50.72,5.305,27.92,11.297,194.5,3.83
2024-01-24T06:55:00,54.89,5.316,28.02,11.41,202.4,4.0
2024-01-24T07:00:00,51.3,5.292,27.95,11.196,204.3,4.08
2024-01-24T07:05:00,53.02,5.257,28.12,11.5,202.6,3.76
2024-01-24T07:10:00,52.41,5.302,27.76,11.283,199.8,3.98
2024-01-24T07:15:00,52.37,5.28,27.68,11.384,201.9,4.06
2024-01-24T07:20:00,55.74,5.289,28.46,11.291,196.8,3.8
2024-01-24T07:25:00,53.84,5.3,27.81,11.466,199.8,3.95
2024-01-24T07:30:00,54.73,5.305,28.18,11.36,198.8,3.97
2024-01-24T07:35:00,52.92,5.2,27.82,11.231,199.6,4.06
2024-01-24T07:40:00,54.0,5.234,27.98,11.363,191.6,3.88
2024-01-24T07:45:00,55.4,5.311,28.01,11.374,199.9,3.93
2024-01-24T07:50:00,54.13,5.258,28.18,11.32,198.1,4.08
2024-01-24T07:55:00,50.99,5.282,27.74,11.545,190.9,3.9
2024-01-24T08:00:00,54.42,5.358,28.25,11.766,196.3,3.96
